timestamp,rtt_ms,jitter_ms,packet_loss
2026-06-10T10:00:00.000Z,26.22,2.27,0.0
2026-06-10T10:00:00.100Z,20.84,1.28,0.0
2026-06-10T10:00:00.200Z,28.0,2.32,0.0
2026-06-10T10:00:00.300Z,28.76,1.56,0.0
2026-06-10T10:00:00.400Z,17.2,2.71,0.0
2026-06-10T10:00:00.500Z,19.79,0.96,0.0
2026-06-10T10:00:00.600Z,25.51,3.19,0.0
2026-06-10T10:00:00.700Z,23.74,1.85,0.0
2026-06-10T10:00:00.800Z,24.93,2.7,0.0
2026-06-10T10:00:00.900Z,21.59,3.0,0.0
2026-06-10T10:00:01.000Z,28.52,3.5,0.0
2026-06-10T10:00:01.100Z,28.11,0.94,0.0
2026-06-10T10:00:01.200Z,25.26,1.15,0.0
2026-06-10T10:00:01.300Z,29.51,1.03,0.0
2026-06-10T10:00:01.400Z,26.87,1.07,0.0
2026-06-10T10:00:01.500Z,21.56,2.12,0.0
2026-06-10T10:00:01.600Z,26.48,3.48,0.0
2026-06-10T10:00:01.700Z,21.16,3.47,0.0
2026-06-10T10:00:01.800Z,28.51,1.94,0.0
2026-06-10T10:00:01.900Z,24.8,2.31,0.0
2026-06-10T10:00:02.000Z,24.26,3.04,0.0
2026-06-10T10:00:02.100Z,22.28,3.28,0.0
2026-06-10T10:00:02.200Z,29.89,0.87,0.0
2026-06-10T10:00:02.300Z,24.38,1.94,0.0
2026-06-10T10:00:02.400Z,23.29,2.95,0.0
2026-06-10T10:00:02.500Z,23.59,1.2,0.0
2026-06-10T10:00:02.600Z,27.13,1.65,0.0
2026-06-10T10:00:02.700Z,26.46,3.45,0.0
2026-06-10T10:00:02.800Z,26.65,3.45,0.0
2026-06-10T10:00:02.900Z,26.72,3.19,0.0
2026-06-10T10:00:03.000Z,33.57,2.83,0.0
2026-06-10T10:00:03.100Z,23.37,1.09,0.0
2026-06-10T10:00:03.200Z,22.95,1.26,0.0
2026-06-10T10:00:03.300Z,21.74,2.01,0.0
2026-06-10T10:00:03.400Z,27.46,2.05,0.0
2026-06-10T10:00:03.500Z,29.52,1.87,0.0
2026-06-10T10:00:03.600Z,24.54,2.3,0.0
2026-06-10T10:00:03.700Z,21.64,1.55,0.0
2026-06-10T10:00:03.800Z,21.7,2.67,0.0
2026-06-10T10:00:03.900Z,27.6,1.3,0.0
2026-06-10T10:00:04.000Z,27.97,1.29,0.0
2026-06-10T10:00:04.100Z,27.17,0.62,0.0
2026-06-10T10:00:04.200Z,22.34,0.82,0.0
2026-06-10T10:00:04.300Z,25.93,3.01,0.0
2026-06-10T10:00:04.400Z,25.47,1.67,0.0
2026-06-10T10:00:04.500Z,25.87,0.95,0.0
2026-06-10T10:00:04.600Z,28.49,2.71,0.0
2026-06-10T10:00:04.700Z,25.89,2.03,0.0
2026-06-10T10:00:04.800Z,27.72,0.27,0.0
2026-06-10T10:00:04.900Z,25.27,1.24,0.0
2026-06-10T10:00:05.000Z,26.16,0.78,0.0
2026-06-10T10:00:05.100Z,27.53,2.36,0.0
2026-06-10T10:00:05.200Z,19.17,1.11,0.0
2026-06-10T10:00:05.300Z,23.72,0.41,0.0
2026-06-10T10:00:05.400Z,23.12,0.38,0.0
2026-06-10T10:00:05.500Z,22.44,2.12,0.0
2026-06-10T10:00:05.600Z,23.9,0.27,0.0
2026-06-10T10:00:05.700Z,30.98,3.0,0.0
2026-06-10T10:00:05.800Z,21.54,0.71,0.0
2026-06-10T10:00:05.900Z,28.87,2.2,0.0
2026-06-10T10:00:06.000Z,18.27,1.67,0.0
2026-06-10T10:00:06.100Z,23.66,1.66,0.0
2026-06-10T10:00:06.200Z,25.65,0.44,0.0
2026-06-10T10:00:06.300Z,27.34,2.85,0.0
2026-06-10T10:00:06.400Z,27.84,3.15,0.0
2026-06-10T10:00:06.500Z,28.17,0.24,0.0
2026-06-10T10:00:06.600Z,23.61,0.79,0.0
2026-06-10T10:00:06.700Z,23.15,3.18,0.0
2026-06-10T10:00:06.800Z,28.43,2.01,0.0
2026-06-10T10:00:06.900Z,24.23,0.7,0.0
2026-06-10T10:00:07.000Z,19.9,0.87,0.0
2026-06-10T10:00:07.100Z,20.47,2.38,0.0
2026-06-10T10:00:07.200Z,21.32,2.59,0.0
2026-06-10T10:00:07.300Z,26.99,2.18,0.0
2026-06-10T10:00:07.400Z,25.57,3.35,0.0
2026-06-10T10:00:07.500Z,27.76,1.83,0.0
2026-06-10T10:00:07.600Z,23.29,1.19,0.0
2026-06-10T10:00:07.700Z,25.63,1.77,0.0
2026-06-10T10:00:07.800Z,27.5,1.39,0.0
2026-06-10T10:00:07.900Z,23.76,0.94,0.0
2026-06-10T10:00:08.000Z,26.83,0.35,0.0
2026-06-10T10:00:08.100Z,22.35,1.36,0.0
2026-06-10T10:00:08.200Z,23.55,2.55,0.0
2026-06-10T10:00:08.300Z,23.47,0.26,0.0
2026-06-10T10:00:08.400Z,20.22,1.65,0.0
2026-06-10T10:00:08.500Z,26.95,2.33,0.0
2026-06-10T10:00:08.600Z,23.12,2.21,0.0
2026-06-10T10:00:08.700Z,25.05,2.76,0.0
2026-06-10T10:00:08.800Z,26.92,2.87,0.0
2026-06-10T10:00:08.900Z,26.79,2.55,0.0
2026-06-10T10:00:09.000Z,27.66,0.54,0.0
2026-06-10T10:00:09.100Z,24.61,1.77,0.0
2026-06-10T10:00:09.200Z,23.31,2.19,0.0
2026-06-10T10:00:09.300Z,24.68,1.01,0.0
2026-06-10T10:00:09.400Z,18.25,0.34,0.0
2026-06-10T10:00:09.500Z,19.21,0.94,0.0
2026-06-10T10:00:09.600Z,19.71,1.7,0.0
2026-06-10T10:00:09.700Z,21.01,1.57,0.0
2026-06-10T10:00:09.800Z,26.6,0.78,0.0
2026-06-10T10:00:09.900Z,21.38,2.92,0.0
2026-06-10T10:00:10.000Z,23.49,3.25,0.0
2026-06-10T10:00:10.100Z,30.2,0.86,0.0
2026-06-10T10:00:10.200Z,23.57,3.27,0.0
2026-06-10T10:00:10.300Z,27.95,0.26,0.0
2026-06-10T10:00:10.400Z,21.27,3.25,0.0
2026-06-10T10:00:10.500Z,24.18,3.34,0.0
2026-06-10T10:00:10.600Z,21.2,0.24,0.0
2026-06-10T10:00:10.700Z,23.64,2.72,0.0
2026-06-10T10:00:10.800Z,28.36,3.4,0.0
2026-06-10T10:00:10.900Z,18.09,3.19,0.0
2026-06-10T10:00:11.000Z,26.74,3.4,0.0
2026-06-10T10:00:11.100Z,25.95,2.02,0.0
2026-06-10T10:00:11.200Z,22.62,0.46,0.0
2026-06-10T10:00:11.300Z,19.22,3.0,0.0
2026-06-10T10:00:11.400Z,25.29,2.23,0.0
2026-06-10T10:00:11.500Z,22.88,2.23,0.0
2026-06-10T10:00:11.600Z,25.93,1.58,0.0
2026-06-10T10:00:11.700Z,25.09,2.09,0.0
2026-06-10T10:00:11.800Z,31.41,0.71,0.0
2026-06-10T10:00:11.900Z,24.04,2.64,0.0
2026-06-10T10:00:12.000Z,20.91,0.45,0.0
2026-06-10T10:00:12.100Z,25.72,2.61,0.0
2026-06-10T10:00:12.200Z,25.88,3.0,0.0
2026-06-10T10:00:12.300Z,30.44,1.76,0.0
2026-06-10T10:00:12.400Z,28.34,1.88,0.0
2026-06-10T10:00:12.500Z,26.43,1.23,0.0
2026-06-10T10:00:12.600Z,30.85,3.4,0.0
2026-06-10T10:00:12.700Z,20.24,2.62,0.0
2026-06-10T10:00:12.800Z,22.44,1.42,0.0
2026-06-10T10:00:12.900Z,21.29,0.78,0.0
2026-06-10T10:00:13.000Z,23.44,0.92,0.0
2026-06-10T10:00:13.100Z,19.49,1.73,0.0
2026-06-10T10:00:13.200Z,27.54,3.31,0.0
2026-06-10T10:00:13.300Z,24.11,2.62,0.0
2026-06-10T10:00:13.400Z,19.12,0.91,0.0
2026-06-10T10:00:13.500Z,20.94,3.04,0.0
2026-06-10T10:00:13.600Z,26.25,1.45,0.0
2026-06-10T10:00:13.700Z,28.35,3.01,0.0
2026-06-10T10:00:13.800Z,32.99,1.0,0.0
2026-06-10T10:00:13.900Z,36.66,2.24,0.0
2026-06-10T10:00:14.000Z,26.66,3.26,0.0
2026-06-10T10:00:14.100Z,21.04,1.05,0.0
2026-06-10T10:00:14.200Z,16.47,2.49,0.0
2026-06-10T10:00:14.300Z,26.07,3.46,0.0
2026-06-10T10:00:14.400Z,21.75,0.7,0.0
2026-06-10T10:00:14.500Z,23.34,0.49,0.0
2026-06-10T10:00:14.600Z,22.55,2.42,0.0
2026-06-10T10:00:14.700Z,24.44,1.32,0.0
2026-06-10T10:00:14.800Z,29.26,0.44,0.0
2026-06-10T10:00:14.900Z,25.63,1.77,0.0
2026-06-10T10:00:15.000Z,24.37,2.69,0.0
2026-06-10T10:00:15.100Z,20.86,1.14,0.0
2026-06-10T10:00:15.200Z,18.3,1.31,0.0
2026-06-10T10:00:15.300Z,23.05,2.99,0.0
2026-06-10T10:00:15.400Z,24.78,1.92,0.0
2026-06-10T10:00:15.500Z,32.07,2.98,0.0
2026-06-10T10:00:15.600Z,25.52,1.67,0.0
2026-06-10T10:00:15.700Z,28.93,3.34,0.0
2026-06-10T10:00:15.800Z,23.0,2.35,0.0
2026-06-10T10:00:15.900Z,20.26,0.58,0.0
2026-06-10T10:00:16.000Z,21.14,3.12,0.0
2026-06-10T10:00:16.100Z,22.1,1.81,0.0
2026-06-10T10:00:16.200Z,33.51,0.67,0.0
2026-06-10T10:00:16.300Z,21.71,0.7,0.0
2026-06-10T10:00:16.400Z,28.35,2.47,0.0
2026-06-10T10:00:16.500Z,21.39,0.36,0.0
2026-06-10T10:00:16.600Z,28.73,1.15,0.0
2026-06-10T10:00:16.700Z,26.54,0.66,0.0
2026-06-10T10:00:16.800Z,24.37,1.66,0.0
2026-06-10T10:00:16.900Z,24.84,1.57,0.0
2026-06-10T10:00:17.000Z,22.38,1.92,0.0
2026-06-10T10:00:17.100Z,26.78,1.12,0.0
2026-06-10T10:00:17.200Z,23.18,0.31,0.0
2026-06-10T10:00:17.300Z,20.1,2.23,0.0
2026-06-10T10:00:17.400Z,19.89,1.43,0.0
2026-06-10T10:00:17.500Z,25.69,2.35,0.0
2026-06-10T10:00:17.600Z,31.32,0.56,0.0
2026-06-10T10:00:17.700Z,25.64,0.25,0.0
2026-06-10T10:00:17.800Z,24.53,1.02,0.0
2026-06-10T10:00:17.900Z,26.14,1.71,0.0
2026-06-10T10:00:18.000Z,30.22,1.5,0.0
2026-06-10T10:00:18.100Z,25.88,2.87,0.0
2026-06-10T10:00:18.200Z,23.36,1.45,0.0
2026-06-10T10:00:18.300Z,29.43,1.95,0.0
2026-06-10T10:00:18.400Z,26.72,2.16,0.0
2026-06-10T10:00:18.500Z,31.14,0.27,0.0
2026-06-10T10:00:18.600Z,25.73,1.9,0.0
2026-06-10T10:00:18.700Z,20.1,1.34,0.0
2026-06-10T10:00:18.800Z,19.53,1.59,0.0
2026-06-10T10:00:18.900Z,31.6,0.53,0.0
2026-06-10T10:00:19.000Z,31.89,2.78,0.0
2026-06-10T10:00:19.100Z,24.28,3.31,0.0
2026-06-10T10:00:19.200Z,23.47,0.27,0.0
2026-06-10T10:00:19.300Z,30.85,2.18,0.0
2026-06-10T10:00:19.400Z,20.57,2.72,0.0
2026-06-10T10:00:19.500Z,21.42,1.14,0.0
2026-06-10T10:00:19.600Z,27.57,2.8,0.0
2026-06-10T10:00:19.700Z,23.42,2.29,0.0
2026-06-10T10:00:19.800Z,24.98,3.27,0.0
2026-06-10T10:00:19.900Z,24.35,3.44,0.0
2026-06-10T10:00:20.000Z,26.35,0.34,0.0
2026-06-10T10:00:20.100Z,30.63,1.67,0.0
2026-06-10T10:00:20.200Z,25.36,2.01,0.0
2026-06-10T10:00:20.300Z,27.58,0.68,0.0
2026-06-10T10:00:20.400Z,16.8,1.31,0.0
2026-06-10T10:00:20.500Z,24.81,3.46,0.0
2026-06-10T10:00:20.600Z,21.63,0.25,0.0
2026-06-10T10:00:20.700Z,20.12,1.69,0.0
2026-06-10T10:00:20.800Z,21.49,2.98,0.0
2026-06-10T10:00:20.900Z,23.66,1.27,0.0
2026-06-10T10:00:21.000Z,28.66,1.78,0.0
2026-06-10T10:00:21.100Z,19.69,3.43,0.0
2026-06-10T10:00:21.200Z,25.12,1.77,0.0
2026-06-10T10:00:21.300Z,23.06,0.63,0.0
2026-06-10T10:00:21.400Z,23.69,0.37,0.0
2026-06-10T10:00:21.500Z,29.01,3.32,0.0
2026-06-10T10:00:21.600Z,27.15,1.08,0.0
2026-06-10T10:00:21.700Z,30.35,1.86,0.0
2026-06-10T10:00:21.800Z,24.38,0.5,0.0
2026-06-10T10:00:21.900Z,22.22,1.6,0.0
2026-06-10T10:00:22.000Z,24.1,3.27,0.0
2026-06-10T10:00:22.100Z,25.97,1.86,0.0
2026-06-10T10:00:22.200Z,25.71,3.4,0.0
2026-06-10T10:00:22.300Z,20.66,1.05,0.0
2026-06-10T10:00:22.400Z,25.36,1.86,0.0
2026-06-10T10:00:22.500Z,25.91,3.04,0.0
2026-06-10T10:00:22.600Z,35.07,1.68,0.0
2026-06-10T10:00:22.700Z,32.51,1.12,0.0
2026-06-10T10:00:22.800Z,21.59,3.02,0.0
2026-06-10T10:00:22.900Z,23.85,1.49,0.0
2026-06-10T10:00:23.000Z,19.15,1.95,0.0
2026-06-10T10:00:23.100Z,22.64,3.42,0.0
2026-06-10T10:00:23.200Z,26.26,0.82,0.0
2026-06-10T10:00:23.300Z,29.82,1.19,0.0
2026-06-10T10:00:23.400Z,22.08,0.3,0.0
2026-06-10T10:00:23.500Z,22.38,1.49,0.0
2026-06-10T10:00:23.600Z,16.41,0.86,0.0
2026-06-10T10:00:23.700Z,24.35,2.44,0.0
2026-06-10T10:00:23.800Z,20.75,0.8,0.0
2026-06-10T10:00:23.900Z,22.88,2.43,0.0
2026-06-10T10:00:24.000Z,21.49,1.07,0.0
2026-06-10T10:00:24.100Z,24.62,1.37,0.0
2026-06-10T10:00:24.200Z,17.97,1.35,0.0
2026-06-10T10:00:24.300Z,19.13,2.57,0.0
2026-06-10T10:00:24.400Z,33.52,1.74,0.0
2026-06-10T10:00:24.500Z,19.85,1.39,0.0
2026-06-10T10:00:24.600Z,20.61,3.01,0.0
2026-06-10T10:00:24.700Z,32.35,2.09,0.0
2026-06-10T10:00:24.800Z,36.62,0.91,0.0
2026-06-10T10:00:24.900Z,20.31,3.17,0.0
2026-06-10T10:00:25.000Z,23.53,1.33,0.0
2026-06-10T10:00:25.100Z,26.37,0.33,0.0
2026-06-10T10:00:25.200Z,31.91,1.83,0.0
2026-06-10T10:00:25.300Z,21.05,0.61,0.0
2026-06-10T10:00:25.400Z,24.02,0.99,0.0
2026-06-10T10:00:25.500Z,28.11,2.67,0.0
2026-06-10T10:00:25.600Z,26.74,0.63,0.0
2026-06-10T10:00:25.700Z,23.5,2.86,0.0
2026-06-10T10:00:25.800Z,24.46,3.29,0.0
2026-06-10T10:00:25.900Z,19.5,2.2,0.0
2026-06-10T10:00:26.000Z,24.05,2.54,0.0
2026-06-10T10:00:26.100Z,23.93,2.55,0.0
2026-06-10T10:00:26.200Z,25.93,3.48,0.0
2026-06-10T10:00:26.300Z,22.78,1.33,0.0
2026-06-10T10:00:26.400Z,26.89,0.74,0.0
2026-06-10T10:00:26.500Z,29.05,1.91,0.0
2026-06-10T10:00:26.600Z,25.62,1.96,0.0
2026-06-10T10:00:26.700Z,26.41,0.79,0.0
2026-06-10T10:00:26.800Z,25.21,2.22,0.0
2026-06-10T10:00:26.900Z,25.0,0.25,0.0
2026-06-10T10:00:27.000Z,22.11,3.26,0.0
2026-06-10T10:00:27.100Z,26.27,1.07,0.0
2026-06-10T10:00:27.200Z,24.61,0.33,0.0
2026-06-10T10:00:27.300Z,33.37,0.56,0.0
2026-06-10T10:00:27.400Z,31.29,0.99,0.0
2026-06-10T10:00:27.500Z,26.54,1.1,0.0
2026-06-10T10:00:27.600Z,21.95,0.31,0.0
2026-06-10T10:00:27.700Z,20.55,1.12,0.0
2026-06-10T10:00:27.800Z,29.76,0.84,0.0
2026-06-10T10:00:27.900Z,26.05,1.45,0.0
2026-06-10T10:00:28.000Z,26.92,1.47,0.0
2026-06-10T10:00:28.100Z,18.02,1.32,0.0
2026-06-10T10:00:28.200Z,28.71,1.28,0.0
2026-06-10T10:00:28.300Z,26.82,0.5,0.0
2026-06-10T10:00:28.400Z,20.56,0.28,0.0
2026-06-10T10:00:28.500Z,23.11,0.87,0.0
2026-06-10T10:00:28.600Z,26.05,2.7,0.0
2026-06-10T10:00:28.700Z,25.21,3.47,0.0
2026-06-10T10:00:28.800Z,23.83,3.26,0.0
2026-06-10T10:00:28.900Z,24.59,1.86,0.0
2026-06-10T10:00:29.000Z,23.99,1.96,0.0
2026-06-10T10:00:29.100Z,25.61,1.24,0.0
2026-06-10T10:00:29.200Z,30.89,2.75,0.0
2026-06-10T10:00:29.300Z,14.73,2.72,0.0
2026-06-10T10:00:29.400Z,24.05,2.99,0.0
2026-06-10T10:00:29.500Z,25.71,3.16,0.0
2026-06-10T10:00:29.600Z,26.18,1.63,0.0
2026-06-10T10:00:29.700Z,23.51,2.73,0.0
2026-06-10T10:00:29.800Z,17.97,2.86,0.0
2026-06-10T10:00:29.900Z,26.31,1.22,0.0
2026-06-10T10:00:30.000Z,31.91,3.27,0.0
2026-06-10T10:00:30.100Z,18.86,0.51,0.0
2026-06-10T10:00:30.200Z,28.46,3.48,0.0
2026-06-10T10:00:30.300Z,23.69,2.74,0.0
2026-06-10T10:00:30.400Z,24.75,0.51,0.0
2026-06-10T10:00:30.500Z,20.79,2.37,0.0
2026-06-10T10:00:30.600Z,23.66,0.31,0.0
2026-06-10T10:00:30.700Z,30.2,2.74,0.0
2026-06-10T10:00:30.800Z,27.33,2.84,0.0
2026-06-10T10:00:30.900Z,31.93,2.19,0.0
2026-06-10T10:00:31.000Z,29.71,3.03,0.0
2026-06-10T10:00:31.100Z,26.76,0.52,0.0
2026-06-10T10:00:31.200Z,31.98,1.11,0.0
2026-06-10T10:00:31.300Z,26.76,1.57,0.0
2026-06-10T10:00:31.400Z,28.31,0.34,0.0
2026-06-10T10:00:31.500Z,23.81,1.68,0.0
2026-06-10T10:00:31.600Z,25.27,1.08,0.0
2026-06-10T10:00:31.700Z,22.21,1.5,0.0
2026-06-10T10:00:31.800Z,28.96,1.6,0.0
2026-06-10T10:00:31.900Z,20.29,3.1,0.0
2026-06-10T10:00:32.000Z,28.13,1.09,0.0
2026-06-10T10:00:32.100Z,24.24,3.15,0.0
2026-06-10T10:00:32.200Z,29.68,1.61,0.0
2026-06-10T10:00:32.300Z,28.0,1.28,0.0
2026-06-10T10:00:32.400Z,32.28,1.86,0.0
2026-06-10T10:00:32.500Z,27.92,1.58,0.0
2026-06-10T10:00:32.600Z,18.71,1.05,0.0
2026-06-10T10:00:32.700Z,24.73,1.86,0.0
2026-06-10T10:00:32.800Z,20.31,0.7,0.0
2026-06-10T10:00:32.900Z,22.93,1.36,0.0
2026-06-10T10:00:33.000Z,31.04,2.07,0.0
2026-06-10T10:00:33.100Z,27.55,1.56,0.0
2026-06-10T10:00:33.200Z,22.2,2.92,0.0
2026-06-10T10:00:33.300Z,20.95,1.05,0.0
2026-06-10T10:00:33.400Z,25.13,3.4,0.0
2026-06-10T10:00:33.500Z,20.13,2.79,0.0
2026-06-10T10:00:33.600Z,22.32,3.39,0.0
2026-06-10T10:00:33.700Z,26.25,2.97,0.0
2026-06-10T10:00:33.800Z,29.62,0.67,0.0
2026-06-10T10:00:33.900Z,27.44,1.94,0.0
2026-06-10T10:00:34.000Z,15.83,0.76,0.0
2026-06-10T10:00:34.100Z,26.22,2.9,0.0
2026-06-10T10:00:34.200Z,25.29,2.13,0.0
2026-06-10T10:00:34.300Z,26.66,1.07,0.0
2026-06-10T10:00:34.400Z,31.46,3.27,0.0
2026-06-10T10:00:34.500Z,16.75,0.58,0.0
2026-06-10T10:00:34.600Z,22.64,2.06,0.0
2026-06-10T10:00:34.700Z,27.36,2.58,0.0
2026-06-10T10:00:34.800Z,18.67,0.39,0.0
2026-06-10T10:00:34.900Z,30.9,2.17,0.0
2026-06-10T10:00:35.000Z,26.47,2.89,0.0
2026-06-10T10:00:35.100Z,28.39,0.42,0.0
2026-06-10T10:00:35.200Z,22.72,1.89,0.0
2026-06-10T10:00:35.300Z,28.26,1.05,0.0
2026-06-10T10:00:35.400Z,29.27,2.39,0.0
2026-06-10T10:00:35.500Z,25.93,0.59,0.0
2026-06-10T10:00:35.600Z,25.94,3.29,0.0
2026-06-10T10:00:35.700Z,26.08,3.15,0.0
2026-06-10T10:00:35.800Z,21.55,0.81,0.0
2026-06-10T10:00:35.900Z,24.41,1.27,0.0
2026-06-10T10:00:36.000Z,24.39,2.14,0.0
2026-06-10T10:00:36.100Z,26.53,2.57,0.0
2026-06-10T10:00:36.200Z,29.0,1.66,0.0
2026-06-10T10:00:36.300Z,20.77,0.72,0.0
2026-06-10T10:00:36.400Z,24.5,0.54,0.0
2026-06-10T10:00:36.500Z,83.69,10.34,0.0
2026-06-10T10:00:36.600Z,22.03,1.7,0.0
2026-06-10T10:00:36.700Z,21.71,3.08,0.0
2026-06-10T10:00:36.800Z,25.81,1.79,0.0
2026-06-10T10:00:36.900Z,28.38,3.24,0.0
2026-06-10T10:00:37.000Z,25.05,0.49,0.0
2026-06-10T10:00:37.100Z,30.32,0.58,0.0
2026-06-10T10:00:37.200Z,28.43,3.27,0.0
2026-06-10T10:00:37.300Z,28.37,3.33,0.0
2026-06-10T10:00:37.400Z,27.22,1.24,0.0
2026-06-10T10:00:37.500Z,34.31,1.37,0.0
2026-06-10T10:00:37.600Z,24.18,1.69,0.0
2026-06-10T10:00:37.700Z,97.2,13.07,0.0215
2026-06-10T10:00:37.800Z,31.42,0.83,0.0
2026-06-10T10:00:37.900Z,23.17,3.16,0.0
2026-06-10T10:00:38.000Z,25.43,1.04,0.0
2026-06-10T10:00:38.100Z,30.24,2.53,0.0
2026-06-10T10:00:38.200Z,18.59,0.42,0.0
2026-06-10T10:00:38.300Z,19.99,0.33,0.0
2026-06-10T10:00:38.400Z,18.59,2.36,0.0
2026-06-10T10:00:38.500Z,21.82,1.32,0.0
2026-06-10T10:00:38.600Z,26.76,2.36,0.0
2026-06-10T10:00:38.700Z,27.1,0.51,0.0
2026-06-10T10:00:38.800Z,26.11,3.33,0.0
2026-06-10T10:00:38.900Z,19.35,2.67,0.0
2026-06-10T10:00:39.000Z,15.76,3.09,0.0
2026-06-10T10:00:39.100Z,25.22,0.65,0.0
2026-06-10T10:00:39.200Z,23.11,1.26,0.0
2026-06-10T10:00:39.300Z,26.84,1.42,0.0
2026-06-10T10:00:39.400Z,27.81,1.97,0.0
2026-06-10T10:00:39.500Z,25.55,1.18,0.0
2026-06-10T10:00:39.600Z,28.04,0.4,0.0
2026-06-10T10:00:39.700Z,25.92,1.42,0.0
2026-06-10T10:00:39.800Z,27.12,1.04,0.0
2026-06-10T10:00:39.900Z,22.18,1.47,0.0
2026-06-10T10:00:40.000Z,24.28,0.85,0.0
2026-06-10T10:00:40.100Z,25.79,1.06,0.0
2026-06-10T10:00:40.200Z,28.28,2.27,0.0
2026-06-10T10:00:40.300Z,23.43,1.48,0.0
2026-06-10T10:00:40.400Z,27.08,1.34,0.0
2026-06-10T10:00:40.500Z,23.94,1.96,0.0
2026-06-10T10:00:40.600Z,24.53,2.75,0.0
2026-06-10T10:00:40.700Z,28.32,1.45,0.0
2026-06-10T10:00:40.800Z,17.03,2.14,0.0
2026-06-10T10:00:40.900Z,19.81,3.39,0.0
2026-06-10T10:00:41.000Z,19.07,1.92,0.0
2026-06-10T10:00:41.100Z,15.67,3.2,0.0
2026-06-10T10:00:41.200Z,22.29,2.82,0.0
2026-06-10T10:00:41.300Z,28.0,0.39,0.0
2026-06-10T10:00:41.400Z,23.86,1.62,0.0
2026-06-10T10:00:41.500Z,25.79,2.5,0.0
2026-06-10T10:00:41.600Z,29.36,3.46,0.0
2026-06-10T10:00:41.700Z,30.31,1.71,0.0
2026-06-10T10:00:41.800Z,24.72,0.51,0.0
2026-06-10T10:00:41.900Z,30.41,2.05,0.0
2026-06-10T10:00:42.000Z,22.0,1.5,0.0
2026-06-10T10:00:42.100Z,26.5,2.72,0.0
2026-06-10T10:00:42.200Z,29.56,3.55,0.0
2026-06-10T10:00:42.300Z,32.25,4.28,0.0
2026-06-10T10:00:42.400Z,34.71,4.94,0.0
2026-06-10T10:00:42.500Z,37.01,5.57,0.0
2026-06-10T10:00:42.600Z,39.19,6.16,0.0
2026-06-10T10:00:42.700Z,41.28,6.72,0.0
2026-06-10T10:00:42.800Z,43.28,7.27,0.0
2026-06-10T10:00:42.900Z,45.21,7.79,0.0
2026-06-10T10:00:43.000Z,47.08,8.29,0.0161
2026-06-10T10:00:43.100Z,48.89,8.78,0.0233
2026-06-10T10:00:43.200Z,50.64,9.26,0.0368
2026-06-10T10:00:43.300Z,52.35,9.72,0.0276
2026-06-10T10:00:43.400Z,54.0,10.17,0.0394
2026-06-10T10:00:43.500Z,55.62,10.61,0.0447
2026-06-10T10:00:43.600Z,57.19,11.03,0.0403
2026-06-10T10:00:43.700Z,58.72,11.45,0.0497
2026-06-10T10:00:43.800Z,60.21,11.85,0.0402
2026-06-10T10:00:43.900Z,61.66,12.24,0.0441
2026-06-10T10:00:44.000Z,63.07,12.63,0.0433
2026-06-10T10:00:44.100Z,64.45,13.0,0.0392
2026-06-10T10:00:44.200Z,65.79,13.36,0.0421
2026-06-10T10:00:44.300Z,67.09,13.72,0.0474
2026-06-10T10:00:44.400Z,68.36,14.06,0.029
2026-06-10T10:00:44.500Z,69.59,14.39,0.0355
2026-06-10T10:00:44.600Z,70.79,14.72,0.0306
2026-06-10T10:00:44.700Z,71.95,15.03,0.044
2026-06-10T10:00:44.800Z,73.08,15.34,0.0273
2026-06-10T10:00:44.900Z,74.17,15.63,0.0428
2026-06-10T10:00:45.000Z,75.23,15.92,0.042
2026-06-10T10:00:45.100Z,76.25,16.2,0.0485
2026-06-10T10:00:45.200Z,77.24,16.46,0.02
2026-06-10T10:00:45.300Z,78.19,16.72,0.0384
2026-06-10T10:00:45.400Z,79.11,16.97,0.0403
2026-06-10T10:00:45.500Z,79.99,17.21,0.0475
2026-06-10T10:00:45.600Z,80.84,17.44,0.0463
2026-06-10T10:00:45.700Z,81.66,17.66,0.0329
2026-06-10T10:00:45.800Z,82.44,17.87,0.0332
2026-06-10T10:00:45.900Z,83.18,18.08,0.0167
2026-06-10T10:00:46.000Z,83.89,18.27,0.049
2026-06-10T10:00:46.100Z,84.57,18.45,0.0202
2026-06-10T10:00:46.200Z,85.21,18.63,0.039
2026-06-10T10:00:46.300Z,85.82,18.79,0.0418
2026-06-10T10:00:46.400Z,86.39,18.94,0.0276
2026-06-10T10:00:46.500Z,86.92,19.09,0.0184
2026-06-10T10:00:46.600Z,87.42,19.22,0.0176
2026-06-10T10:00:46.700Z,87.89,19.35,0.0443
2026-06-10T10:00:46.800Z,88.32,19.47,0.0304
2026-06-10T10:00:46.900Z,88.71,19.57,0.0136
2026-06-10T10:00:47.000Z,89.07,19.67,0.0387
2026-06-10T10:00:47.100Z,89.39,19.76,0.02
2026-06-10T10:00:47.200Z,89.68,19.83,0.0451
2026-06-10T10:00:47.300Z,89.93,19.9,0.0224
2026-06-10T10:00:47.400Z,90.14,19.96,0.018
2026-06-10T10:00:47.500Z,90.32,20.01,0.0134
2026-06-10T10:00:47.600Z,90.47,20.05,0.0305
2026-06-10T10:00:47.700Z,90.57,20.08,0.028
2026-06-10T10:00:47.800Z,90.65,20.1,0.0401
2026-06-10T10:00:47.900Z,90.68,20.11,0.0286
2026-06-10T10:00:48.000Z,90.68,20.11,0.0238
2026-06-10T10:00:48.100Z,90.65,20.1,0.0205
2026-06-10T10:00:48.200Z,90.57,20.08,0.0211
2026-06-10T10:00:48.300Z,90.47,20.05,0.0471
2026-06-10T10:00:48.400Z,90.32,20.01,0.0166
2026-06-10T10:00:48.500Z,90.14,19.96,0.0495
2026-06-10T10:00:48.600Z,89.93,19.9,0.0231
2026-06-10T10:00:48.700Z,89.68,19.83,0.0135
2026-06-10T10:00:48.800Z,89.39,19.76,0.0199
2026-06-10T10:00:48.900Z,89.07,19.67,0.0123
2026-06-10T10:00:49.000Z,88.71,19.57,0.0416
2026-06-10T10:00:49.100Z,88.32,19.47,0.0305
2026-06-10T10:00:49.200Z,87.89,19.35,0.0235
2026-06-10T10:00:49.300Z,87.42,19.22,0.0365
2026-06-10T10:00:49.400Z,86.92,19.09,0.0352
2026-06-10T10:00:49.500Z,86.39,18.94,0.0476
2026-06-10T10:00:49.600Z,85.82,18.79,0.0485
2026-06-10T10:00:49.700Z,85.21,18.63,0.0372
2026-06-10T10:00:49.800Z,84.57,18.45,0.0427
2026-06-10T10:00:49.900Z,83.89,18.27,0.0417
2026-06-10T10:00:50.000Z,83.18,18.08,0.0297
2026-06-10T10:00:50.100Z,82.44,17.87,0.0382
2026-06-10T10:00:50.200Z,81.66,17.66,0.0131
2026-06-10T10:00:50.300Z,80.84,17.44,0.0403
2026-06-10T10:00:50.400Z,79.99,17.21,0.0485
2026-06-10T10:00:50.500Z,79.11,16.97,0.0134
2026-06-10T10:00:50.600Z,78.19,16.72,0.0434
2026-06-10T10:00:50.700Z,77.24,16.46,0.0473
2026-06-10T10:00:50.800Z,76.25,16.2,0.019
2026-06-10T10:00:50.900Z,75.23,15.92,0.031
2026-06-10T10:00:51.000Z,74.17,15.63,0.0471
2026-06-10T10:00:51.100Z,73.08,15.34,0.0484
2026-06-10T10:00:51.200Z,71.95,15.03,0.0151
2026-06-10T10:00:51.300Z,70.79,14.72,0.024
2026-06-10T10:00:51.400Z,69.59,14.39,0.0379
2026-06-10T10:00:51.500Z,68.36,14.06,0.0189
2026-06-10T10:00:51.600Z,67.09,13.72,0.023
2026-06-10T10:00:51.700Z,65.79,13.36,0.0109
2026-06-10T10:00:51.800Z,64.45,13.0,0.0161
2026-06-10T10:00:51.900Z,63.07,12.63,0.0325
2026-06-10T10:00:52.000Z,61.66,12.24,0.0361
2026-06-10T10:00:52.100Z,60.21,11.85,0.036
2026-06-10T10:00:52.200Z,58.72,11.45,0.0411
2026-06-10T10:00:52.300Z,57.19,11.03,0.0266
2026-06-10T10:00:52.400Z,55.62,10.61,0.0209
2026-06-10T10:00:52.500Z,54.0,10.17,0.0106
2026-06-10T10:00:52.600Z,52.35,9.72,0.0183
2026-06-10T10:00:52.700Z,50.64,9.26,0.0225
2026-06-10T10:00:52.800Z,48.89,8.78,0.0171
2026-06-10T10:00:52.900Z,47.08,8.29,0.0108
2026-06-10T10:00:53.000Z,45.21,7.79,0.0
2026-06-10T10:00:53.100Z,43.28,7.27,0.0
2026-06-10T10:00:53.200Z,41.28,6.72,0.0
2026-06-10T10:00:53.300Z,39.19,6.16,0.0
2026-06-10T10:00:53.400Z,37.01,5.57,0.0
2026-06-10T10:00:53.500Z,34.71,4.94,0.0
2026-06-10T10:00:53.600Z,32.25,4.28,0.0
2026-06-10T10:00:53.700Z,29.56,3.55,0.0
2026-06-10T10:00:53.800Z,26.5,2.72,0.0
2026-06-10T10:00:53.900Z,22.0,1.5,0.0
2026-06-10T10:00:54.000Z,18.25,2.72,0.0
2026-06-10T10:00:54.100Z,21.7,3.46,0.0
2026-06-10T10:00:54.200Z,25.99,0.35,0.0
2026-06-10T10:00:54.300Z,24.28,2.67,0.0
2026-06-10T10:00:54.400Z,23.99,0.44,0.0
2026-06-10T10:00:54.500Z,24.36,2.15,0.0
2026-06-10T10:00:54.600Z,25.81,2.7,0.0
2026-06-10T10:00:54.700Z,20.97,1.39,0.0
2026-06-10T10:00:54.800Z,27.83,0.24,0.0
2026-06-10T10:00:54.900Z,27.65,2.16,0.0
2026-06-10T10:00:55.000Z,26.54,3.47,0.0
2026-06-10T10:00:55.100Z,27.23,1.05,0.0
2026-06-10T10:00:55.200Z,26.19,0.83,0.0
2026-06-10T10:00:55.300Z,33.14,0.61,0.0
2026-06-10T10:00:55.400Z,24.65,2.03,0.0
2026-06-10T10:00:55.500Z,23.77,2.17,0.0
2026-06-10T10:00:55.600Z,86.84,9.41,0.0
2026-06-10T10:00:55.700Z,20.87,2.69,0.0
2026-06-10T10:00:55.800Z,20.02,3.15,0.0
2026-06-10T10:00:55.900Z,21.44,2.86,0.0
2026-06-10T10:00:56.000Z,24.72,1.02,0.0
2026-06-10T10:00:56.100Z,26.34,2.03,0.0
2026-06-10T10:00:56.200Z,25.2,1.18,0.0
2026-06-10T10:00:56.300Z,21.94,1.29,0.0
2026-06-10T10:00:56.400Z,28.6,3.28,0.0
2026-06-10T10:00:56.500Z,27.96,2.45,0.0
2026-06-10T10:00:56.600Z,24.36,3.42,0.0
2026-06-10T10:00:56.700Z,22.39,1.58,0.0
2026-06-10T10:00:56.800Z,27.19,1.97,0.0
2026-06-10T10:00:56.900Z,25.75,1.81,0.0
2026-06-10T10:00:57.000Z,19.21,0.55,0.0
2026-06-10T10:00:57.100Z,24.73,0.98,0.0
2026-06-10T10:00:57.200Z,26.05,1.94,0.0
2026-06-10T10:00:57.300Z,21.4,0.42,0.0
2026-06-10T10:00:57.400Z,25.76,3.27,0.0
2026-06-10T10:00:57.500Z,19.18,0.61,0.0
2026-06-10T10:00:57.600Z,30.34,0.85,0.0
2026-06-10T10:00:57.700Z,29.99,2.73,0.0
2026-06-10T10:00:57.800Z,23.99,0.52,0.0
2026-06-10T10:00:57.900Z,26.45,3.17,0.0
2026-06-10T10:00:58.000Z,15.36,2.59,0.0
2026-06-10T10:00:58.100Z,20.37,0.43,0.0
2026-06-10T10:00:58.200Z,23.82,2.48,0.0
2026-06-10T10:00:58.300Z,20.71,2.28,0.0
2026-06-10T10:00:58.400Z,27.86,2.7,0.0
2026-06-10T10:00:58.500Z,32.99,2.93,0.0
2026-06-10T10:00:58.600Z,20.29,2.57,0.0
2026-06-10T10:00:58.700Z,21.65,2.13,0.0
2026-06-10T10:00:58.800Z,25.94,1.26,0.0
2026-06-10T10:00:58.900Z,31.44,2.5,0.0
2026-06-10T10:00:59.000Z,20.11,3.36,0.0
2026-06-10T10:00:59.100Z,26.0,2.14,0.0
2026-06-10T10:00:59.200Z,32.29,2.39,0.0
2026-06-10T10:00:59.300Z,18.39,1.64,0.0
2026-06-10T10:00:59.400Z,19.88,2.7,0.0
2026-06-10T10:00:59.500Z,23.31,3.49,0.0
2026-06-10T10:00:59.600Z,22.92,0.73,0.0
2026-06-10T10:00:59.700Z,28.25,0.87,0.0
2026-06-10T10:00:59.800Z,25.97,1.98,0.0
2026-06-10T10:00:59.900Z,17.9,1.79,0.0
2026-06-10T10:01:00.000Z,27.06,2.09,0.0
2026-06-10T10:01:00.100Z,22.69,0.36,0.0
2026-06-10T10:01:00.200Z,30.1,1.53,0.0
2026-06-10T10:01:00.300Z,22.49,2.12,0.0
2026-06-10T10:01:00.400Z,22.45,2.13,0.0
2026-06-10T10:01:00.500Z,27.16,2.37,0.0
2026-06-10T10:01:00.600Z,28.05,2.58,0.0
2026-06-10T10:01:00.700Z,26.79,2.32,0.0
2026-06-10T10:01:00.800Z,18.26,2.81,0.0
2026-06-10T10:01:00.900Z,27.15,2.26,0.0
2026-06-10T10:01:01.000Z,20.86,1.97,0.0
2026-06-10T10:01:01.100Z,25.94,2.2,0.0
2026-06-10T10:01:01.200Z,19.31,0.53,0.0
2026-06-10T10:01:01.300Z,26.79,1.1,0.0
2026-06-10T10:01:01.400Z,21.77,1.94,0.0
2026-06-10T10:01:01.500Z,19.87,3.08,0.0
2026-06-10T10:01:01.600Z,27.86,2.44,0.0
2026-06-10T10:01:01.700Z,25.97,0.5,0.0
2026-06-10T10:01:01.800Z,22.54,2.15,0.0
2026-06-10T10:01:01.900Z,30.8,0.93,0.0
2026-06-10T10:01:02.000Z,23.24,2.62,0.0
2026-06-10T10:01:02.100Z,25.13,2.93,0.0
2026-06-10T10:01:02.200Z,26.08,2.16,0.0
2026-06-10T10:01:02.300Z,22.52,2.15,0.0
2026-06-10T10:01:02.400Z,26.88,1.32,0.0
2026-06-10T10:01:02.500Z,91.85,8.77,0.0
2026-06-10T10:01:02.600Z,23.35,3.05,0.0
2026-06-10T10:01:02.700Z,30.45,2.59,0.0
2026-06-10T10:01:02.800Z,20.84,1.92,0.0
2026-06-10T10:01:02.900Z,15.35,1.42,0.0
2026-06-10T10:01:03.000Z,31.44,0.37,0.0
2026-06-10T10:01:03.100Z,35.2,0.67,0.0
2026-06-10T10:01:03.200Z,23.38,0.84,0.0
2026-06-10T10:01:03.300Z,17.25,1.43,0.0
2026-06-10T10:01:03.400Z,23.76,3.32,0.0
2026-06-10T10:01:03.500Z,23.86,1.87,0.0
2026-06-10T10:01:03.600Z,24.24,0.97,0.0
2026-06-10T10:01:03.700Z,20.55,0.55,0.0
2026-06-10T10:01:03.800Z,27.32,1.32,0.0
2026-06-10T10:01:03.900Z,27.1,2.89,0.0
2026-06-10T10:01:04.000Z,19.02,1.47,0.0
2026-06-10T10:01:04.100Z,27.8,2.75,0.0
2026-06-10T10:01:04.200Z,33.21,2.85,0.0
2026-06-10T10:01:04.300Z,25.69,0.57,0.0
2026-06-10T10:01:04.400Z,23.65,2.21,0.0
2026-06-10T10:01:04.500Z,24.43,3.37,0.0
2026-06-10T10:01:04.600Z,27.46,1.53,0.0
2026-06-10T10:01:04.700Z,18.08,0.37,0.0
2026-06-10T10:01:04.800Z,25.66,3.25,0.0
2026-06-10T10:01:04.900Z,23.44,3.12,0.0
2026-06-10T10:01:05.000Z,32.39,1.92,0.0
2026-06-10T10:01:05.100Z,24.3,2.02,0.0
2026-06-10T10:01:05.200Z,31.67,0.9,0.0
2026-06-10T10:01:05.300Z,20.59,2.9,0.0
2026-06-10T10:01:05.400Z,27.35,1.85,0.0
2026-06-10T10:01:05.500Z,26.28,0.31,0.0
2026-06-10T10:01:05.600Z,21.52,2.45,0.0
2026-06-10T10:01:05.700Z,25.71,3.34,0.0
2026-06-10T10:01:05.800Z,29.85,2.94,0.0
2026-06-10T10:01:05.900Z,23.7,1.11,0.0
2026-06-10T10:01:06.000Z,18.23,0.38,0.0
2026-06-10T10:01:06.100Z,24.93,3.3,0.0
2026-06-10T10:01:06.200Z,21.39,3.29,0.0
2026-06-10T10:01:06.300Z,23.63,1.96,0.0
2026-06-10T10:01:06.400Z,24.67,2.32,0.0
2026-06-10T10:01:06.500Z,18.18,1.73,0.0
2026-06-10T10:01:06.600Z,18.54,1.59,0.0
2026-06-10T10:01:06.700Z,26.93,0.59,0.0
2026-06-10T10:01:06.800Z,22.91,0.52,0.0
2026-06-10T10:01:06.900Z,14.74,0.97,0.0
2026-06-10T10:01:07.000Z,28.14,2.96,0.0
2026-06-10T10:01:07.100Z,26.09,0.68,0.0
2026-06-10T10:01:07.200Z,22.14,0.95,0.0
2026-06-10T10:01:07.300Z,19.73,2.01,0.0
2026-06-10T10:01:07.400Z,28.34,0.91,0.0
2026-06-10T10:01:07.500Z,26.4,0.74,0.0
2026-06-10T10:01:07.600Z,34.53,2.06,0.0
2026-06-10T10:01:07.700Z,26.68,1.41,0.0
2026-06-10T10:01:07.800Z,26.55,2.27,0.0
2026-06-10T10:01:07.900Z,24.33,3.21,0.0
2026-06-10T10:01:08.000Z,28.27,0.7,0.0
2026-06-10T10:01:08.100Z,27.5,3.21,0.0
2026-06-10T10:01:08.200Z,30.01,3.18,0.0
2026-06-10T10:01:08.300Z,22.91,2.94,0.0
2026-06-10T10:01:08.400Z,23.26,2.28,0.0
2026-06-10T10:01:08.500Z,23.08,2.25,0.0
2026-06-10T10:01:08.600Z,28.16,2.31,0.0
2026-06-10T10:01:08.700Z,30.99,2.48,0.0
2026-06-10T10:01:08.800Z,23.16,0.25,0.0
2026-06-10T10:01:08.900Z,23.3,3.36,0.0
2026-06-10T10:01:09.000Z,26.26,2.13,0.0
2026-06-10T10:01:09.100Z,24.02,2.78,0.0
2026-06-10T10:01:09.200Z,28.81,1.45,0.0
2026-06-10T10:01:09.300Z,15.99,0.24,0.0
2026-06-10T10:01:09.400Z,21.69,1.88,0.0
2026-06-10T10:01:09.500Z,21.87,1.87,0.0
2026-06-10T10:01:09.600Z,96.94,8.4,0.0105
2026-06-10T10:01:09.700Z,21.15,1.32,0.0
2026-06-10T10:01:09.800Z,21.34,1.02,0.0
2026-06-10T10:01:09.900Z,24.2,1.94,0.0
2026-06-10T10:01:10.000Z,29.45,1.44,0.0
2026-06-10T10:01:10.100Z,24.02,3.4,0.0
2026-06-10T10:01:10.200Z,20.88,0.77,0.0
2026-06-10T10:01:10.300Z,24.77,1.25,0.0
2026-06-10T10:01:10.400Z,29.2,1.17,0.0
2026-06-10T10:01:10.500Z,21.1,1.99,0.0
2026-06-10T10:01:10.600Z,21.36,1.85,0.0
2026-06-10T10:01:10.700Z,27.23,2.32,0.0
2026-06-10T10:01:10.800Z,24.11,3.34,0.0
2026-06-10T10:01:10.900Z,27.59,1.14,0.0
2026-06-10T10:01:11.000Z,24.95,2.49,0.0
2026-06-10T10:01:11.100Z,27.81,0.28,0.0
2026-06-10T10:01:11.200Z,20.86,1.07,0.0
2026-06-10T10:01:11.300Z,24.95,1.73,0.0
2026-06-10T10:01:11.400Z,24.16,0.3,0.0
2026-06-10T10:01:11.500Z,20.14,2.24,0.0
2026-06-10T10:01:11.600Z,18.75,2.44,0.0
2026-06-10T10:01:11.700Z,27.74,2.66,0.0
2026-06-10T10:01:11.800Z,23.6,1.9,0.0
2026-06-10T10:01:11.900Z,20.91,2.19,0.0
2026-06-10T10:01:12.000Z,24.62,1.51,0.0
2026-06-10T10:01:12.100Z,29.51,0.34,0.0
2026-06-10T10:01:12.200Z,15.88,0.53,0.0
2026-06-10T10:01:12.300Z,19.01,2.36,0.0
2026-06-10T10:01:12.400Z,21.31,3.49,0.0
2026-06-10T10:01:12.500Z,30.84,0.25,0.0
2026-06-10T10:01:12.600Z,26.13,2.04,0.0
2026-06-10T10:01:12.700Z,28.07,2.68,0.0
2026-06-10T10:01:12.800Z,20.44,2.93,0.0
2026-06-10T10:01:12.900Z,20.52,2.0,0.0
2026-06-10T10:01:13.000Z,26.79,2.25,0.0
2026-06-10T10:01:13.100Z,25.23,2.5,0.0
2026-06-10T10:01:13.200Z,27.19,3.03,0.0
2026-06-10T10:01:13.300Z,24.25,0.6,0.0
2026-06-10T10:01:13.400Z,26.11,3.26,0.0
2026-06-10T10:01:13.500Z,25.63,0.29,0.0
2026-06-10T10:01:13.600Z,28.11,2.96,0.0
2026-06-10T10:01:13.700Z,28.23,0.45,0.0
2026-06-10T10:01:13.800Z,18.52,0.84,0.0
2026-06-10T10:01:13.900Z,16.01,0.21,0.0
2026-06-10T10:01:14.000Z,29.01,1.67,0.0
2026-06-10T10:01:14.100Z,29.75,1.3,0.0
2026-06-10T10:01:14.200Z,20.92,0.75,0.0
2026-06-10T10:01:14.300Z,17.56,1.69,0.0
2026-06-10T10:01:14.400Z,25.4,1.53,0.0
2026-06-10T10:01:14.500Z,28.72,2.73,0.0
2026-06-10T10:01:14.600Z,32.19,3.15,0.0
2026-06-10T10:01:14.700Z,27.07,2.35,0.0
2026-06-10T10:01:14.800Z,23.51,0.61,0.0
2026-06-10T10:01:14.900Z,21.43,1.17,0.0
2026-06-10T10:01:15.000Z,25.05,3.21,0.0
2026-06-10T10:01:15.100Z,23.8,0.49,0.0
2026-06-10T10:01:15.200Z,20.94,1.54,0.0
2026-06-10T10:01:15.300Z,33.2,3.31,0.0
2026-06-10T10:01:15.400Z,32.14,3.34,0.0
2026-06-10T10:01:15.500Z,29.54,1.56,0.0
2026-06-10T10:01:15.600Z,21.32,2.4,0.0
2026-06-10T10:01:15.700Z,28.42,1.71,0.0
2026-06-10T10:01:15.800Z,27.56,2.69,0.0
2026-06-10T10:01:15.900Z,26.77,0.3,0.0
2026-06-10T10:01:16.000Z,30.0,0.68,0.0
2026-06-10T10:01:16.100Z,27.54,2.23,0.0
2026-06-10T10:01:16.200Z,27.96,0.97,0.0
2026-06-10T10:01:16.300Z,27.55,2.4,0.0
2026-06-10T10:01:16.400Z,26.36,1.36,0.0
2026-06-10T10:01:16.500Z,17.87,3.13,0.0
2026-06-10T10:01:16.600Z,25.33,2.9,0.0
2026-06-10T10:01:16.700Z,22.78,1.83,0.0
2026-06-10T10:01:16.800Z,19.88,2.75,0.0
2026-06-10T10:01:16.900Z,31.73,1.09,0.0
2026-06-10T10:01:17.000Z,107.18,7.92,0.0
2026-06-10T10:01:17.100Z,30.44,0.85,0.0
2026-06-10T10:01:17.200Z,26.02,3.04,0.0
2026-06-10T10:01:17.300Z,30.4,2.92,0.0
2026-06-10T10:01:17.400Z,25.05,3.18,0.0
2026-06-10T10:01:17.500Z,25.81,3.1,0.0
2026-06-10T10:01:17.600Z,20.63,3.37,0.0
2026-06-10T10:01:17.700Z,26.59,0.95,0.0
2026-06-10T10:01:17.800Z,25.24,3.28,0.0
2026-06-10T10:01:17.900Z,19.79,2.09,0.0
2026-06-10T10:01:18.000Z,24.8,1.59,0.0
2026-06-10T10:01:18.100Z,24.68,2.05,0.0
2026-06-10T10:01:18.200Z,32.19,1.33,0.0
2026-06-10T10:01:18.300Z,28.58,1.15,0.0
2026-06-10T10:01:18.400Z,25.05,1.0,0.0
2026-06-10T10:01:18.500Z,26.0,0.47,0.0
2026-06-10T10:01:18.600Z,25.18,1.84,0.0
2026-06-10T10:01:18.700Z,24.19,3.13,0.0
2026-06-10T10:01:18.800Z,20.67,2.28,0.0
2026-06-10T10:01:18.900Z,24.4,1.92,0.0
2026-06-10T10:01:19.000Z,22.02,1.61,0.0
2026-06-10T10:01:19.100Z,20.0,1.73,0.0
2026-06-10T10:01:19.200Z,27.04,0.89,0.0
2026-06-10T10:01:19.300Z,26.57,2.92,0.0
2026-06-10T10:01:19.400Z,17.85,0.85,0.0
2026-06-10T10:01:19.500Z,24.51,2.56,0.0
2026-06-10T10:01:19.600Z,28.98,2.71,0.0
2026-06-10T10:01:19.700Z,29.24,2.1,0.0
2026-06-10T10:01:19.800Z,29.1,3.05,0.0
2026-06-10T10:01:19.900Z,25.16,1.16,0.0
2026-06-10T10:01:20.000Z,21.62,3.11,0.0
2026-06-10T10:01:20.100Z,20.67,2.61,0.0
2026-06-10T10:01:20.200Z,26.38,2.84,0.0
2026-06-10T10:01:20.300Z,26.52,2.39,0.0
2026-06-10T10:01:20.400Z,30.15,2.99,0.0
2026-06-10T10:01:20.500Z,29.4,3.48,0.0
2026-06-10T10:01:20.600Z,24.47,1.59,0.0
2026-06-10T10:01:20.700Z,20.02,2.89,0.0
2026-06-10T10:01:20.800Z,23.72,2.66,0.0
2026-06-10T10:01:20.900Z,25.87,1.69,0.0
2026-06-10T10:01:21.000Z,24.19,3.26,0.0
2026-06-10T10:01:21.100Z,22.69,1.5,0.0
2026-06-10T10:01:21.200Z,26.01,2.07,0.0
2026-06-10T10:01:21.300Z,22.98,0.55,0.0
2026-06-10T10:01:21.400Z,22.49,0.95,0.0
2026-06-10T10:01:21.500Z,26.25,2.97,0.0
2026-06-10T10:01:21.600Z,23.39,1.51,0.0
2026-06-10T10:01:21.700Z,25.98,1.5,0.0
2026-06-10T10:01:21.800Z,26.09,1.01,0.0
2026-06-10T10:01:21.900Z,20.44,1.82,0.0
2026-06-10T10:01:22.000Z,23.08,2.86,0.0
2026-06-10T10:01:22.100Z,30.75,3.15,0.0
2026-06-10T10:01:22.200Z,20.35,0.43,0.0
2026-06-10T10:01:22.300Z,16.53,2.1,0.0
2026-06-10T10:01:22.400Z,17.55,1.74,0.0
2026-06-10T10:01:22.500Z,25.12,2.23,0.0
2026-06-10T10:01:22.600Z,25.12,1.68,0.0
2026-06-10T10:01:22.700Z,24.53,1.52,0.0
2026-06-10T10:01:22.800Z,29.86,1.76,0.0
2026-06-10T10:01:22.900Z,14.31,2.12,0.0
2026-06-10T10:01:23.000Z,26.58,1.85,0.0
2026-06-10T10:01:23.100Z,31.25,1.76,0.0
2026-06-10T10:01:23.200Z,20.49,2.9,0.0
2026-06-10T10:01:23.300Z,23.48,2.66,0.0
2026-06-10T10:01:23.400Z,21.99,1.33,0.0
2026-06-10T10:01:23.500Z,21.42,2.84,0.0
2026-06-10T10:01:23.600Z,23.69,3.02,0.0
2026-06-10T10:01:23.700Z,30.71,0.71,0.0
2026-06-10T10:01:23.800Z,32.35,2.12,0.0
2026-06-10T10:01:23.900Z,23.66,1.14,0.0
2026-06-10T10:01:24.000Z,32.62,2.64,0.0
2026-06-10T10:01:24.100Z,25.14,0.99,0.0
2026-06-10T10:01:24.200Z,32.01,2.42,0.0
2026-06-10T10:01:24.300Z,24.63,1.04,0.0
2026-06-10T10:01:24.400Z,25.52,1.89,0.0
2026-06-10T10:01:24.500Z,26.46,3.33,0.0
2026-06-10T10:01:24.600Z,37.72,1.46,0.0
2026-06-10T10:01:24.700Z,28.41,3.09,0.0
2026-06-10T10:01:24.800Z,22.17,3.46,0.0
2026-06-10T10:01:24.900Z,28.88,3.09,0.0
2026-06-10T10:01:25.000Z,23.55,0.75,0.0
2026-06-10T10:01:25.100Z,23.04,2.9,0.0
2026-06-10T10:01:25.200Z,28.63,0.31,0.0
2026-06-10T10:01:25.300Z,25.12,1.5,0.0
2026-06-10T10:01:25.400Z,26.11,3.07,0.0
2026-06-10T10:01:25.500Z,25.06,2.47,0.0
2026-06-10T10:01:25.600Z,26.35,1.96,0.0
2026-06-10T10:01:25.700Z,26.7,1.48,0.0
2026-06-10T10:01:25.800Z,17.25,2.88,0.0
2026-06-10T10:01:25.900Z,27.67,2.54,0.0
2026-06-10T10:01:26.000Z,21.07,1.75,0.0
2026-06-10T10:01:26.100Z,19.23,3.15,0.0
2026-06-10T10:01:26.200Z,24.77,0.96,0.0
2026-06-10T10:01:26.300Z,25.34,0.76,0.0
2026-06-10T10:01:26.400Z,22.23,2.32,0.0
2026-06-10T10:01:26.500Z,28.32,3.41,0.0
2026-06-10T10:01:26.600Z,19.63,1.02,0.0
2026-06-10T10:01:26.700Z,23.37,1.02,0.0
2026-06-10T10:01:26.800Z,22.66,0.66,0.0
2026-06-10T10:01:26.900Z,24.81,3.04,0.0
2026-06-10T10:01:27.000Z,26.12,0.95,0.0
2026-06-10T10:01:27.100Z,20.97,1.86,0.0
2026-06-10T10:01:27.200Z,27.9,3.47,0.0
2026-06-10T10:01:27.300Z,25.25,0.24,0.0
2026-06-10T10:01:27.400Z,17.43,2.04,0.0
2026-06-10T10:01:27.500Z,17.17,1.89,0.0
2026-06-10T10:01:27.600Z,24.95,2.86,0.0
2026-06-10T10:01:27.700Z,24.12,1.37,0.0
2026-06-10T10:01:27.800Z,24.59,1.55,0.0
2026-06-10T10:01:27.900Z,24.89,0.75,0.0
2026-06-10T10:01:28.000Z,25.9,2.64,0.0
2026-06-10T10:01:28.100Z,28.79,2.79,0.0
2026-06-10T10:01:28.200Z,20.56,0.65,0.0
2026-06-10T10:01:28.300Z,20.31,1.5,0.0
2026-06-10T10:01:28.400Z,20.63,3.15,0.0
2026-06-10T10:01:28.500Z,26.16,0.21,0.0
2026-06-10T10:01:28.600Z,29.98,1.19,0.0
2026-06-10T10:01:28.700Z,23.27,2.03,0.0
2026-06-10T10:01:28.800Z,14.99,1.3,0.0
2026-06-10T10:01:28.900Z,18.18,1.1,0.0
2026-06-10T10:01:29.000Z,21.67,1.72,0.0
2026-06-10T10:01:29.100Z,22.77,0.8,0.0
2026-06-10T10:01:29.200Z,23.37,1.95,0.0
2026-06-10T10:01:29.300Z,25.15,2.53,0.0
2026-06-10T10:01:29.400Z,23.75,2.1,0.0
2026-06-10T10:01:29.500Z,29.2,0.51,0.0
2026-06-10T10:01:29.600Z,22.3,2.99,0.0
2026-06-10T10:01:29.700Z,21.55,0.78,0.0
2026-06-10T10:01:29.800Z,26.92,2.72,0.0
2026-06-10T10:01:29.900Z,18.86,1.39,0.0
2026-06-10T10:01:30.000Z,26.56,2.78,0.0
2026-06-10T10:01:30.100Z,25.41,0.88,0.0
2026-06-10T10:01:30.200Z,24.41,0.82,0.0
2026-06-10T10:01:30.300Z,31.35,1.84,0.0
2026-06-10T10:01:30.400Z,22.51,0.31,0.0
2026-06-10T10:01:30.500Z,33.24,0.94,0.0
2026-06-10T10:01:30.600Z,24.1,2.59,0.0
2026-06-10T10:01:30.700Z,19.89,2.96,0.0
2026-06-10T10:01:30.800Z,25.28,0.47,0.0
2026-06-10T10:01:30.900Z,20.7,3.11,0.0
2026-06-10T10:01:31.000Z,21.99,2.83,0.0
2026-06-10T10:01:31.100Z,26.59,3.07,0.0
2026-06-10T10:01:31.200Z,27.22,2.5,0.0
2026-06-10T10:01:31.300Z,22.51,2.42,0.0
2026-06-10T10:01:31.400Z,28.95,1.93,0.0
2026-06-10T10:01:31.500Z,29.63,2.35,0.0
2026-06-10T10:01:31.600Z,30.75,3.23,0.0
2026-06-10T10:01:31.700Z,27.12,0.53,0.0
2026-06-10T10:01:31.800Z,30.45,1.24,0.0
2026-06-10T10:01:31.900Z,17.48,0.44,0.0
2026-06-10T10:01:32.000Z,23.73,3.32,0.0
2026-06-10T10:01:32.100Z,21.53,1.67,0.0
2026-06-10T10:01:32.200Z,25.48,2.43,0.0
2026-06-10T10:01:32.300Z,22.71,2.98,0.0
2026-06-10T10:01:32.400Z,24.34,3.47,0.0
2026-06-10T10:01:32.500Z,32.53,0.73,0.0
2026-06-10T10:01:32.600Z,24.32,2.84,0.0
2026-06-10T10:01:32.700Z,26.66,3.13,0.0
2026-06-10T10:01:32.800Z,24.07,0.36,0.0
2026-06-10T10:01:32.900Z,25.3,2.69,0.0
2026-06-10T10:01:33.000Z,25.02,1.37,0.0
2026-06-10T10:01:33.100Z,26.79,2.34,0.0
2026-06-10T10:01:33.200Z,29.66,1.9,0.0
2026-06-10T10:01:33.300Z,31.59,1.06,0.0
2026-06-10T10:01:33.400Z,26.24,0.65,0.0
2026-06-10T10:01:33.500Z,27.36,0.59,0.0
2026-06-10T10:01:33.600Z,20.4,0.54,0.0
2026-06-10T10:01:33.700Z,24.65,2.3,0.0
2026-06-10T10:01:33.800Z,28.76,1.36,0.0
2026-06-10T10:01:33.900Z,28.46,0.91,0.0
2026-06-10T10:01:34.000Z,25.85,2.48,0.0
2026-06-10T10:01:34.100Z,28.55,2.47,0.0
2026-06-10T10:01:34.200Z,26.96,1.98,0.0
2026-06-10T10:01:34.300Z,29.8,3.29,0.0
2026-06-10T10:01:34.400Z,26.16,1.47,0.0
2026-06-10T10:01:34.500Z,23.58,2.96,0.0
2026-06-10T10:01:34.600Z,26.34,0.45,0.0
2026-06-10T10:01:34.700Z,13.28,2.64,0.0
2026-06-10T10:01:34.800Z,26.53,3.46,0.0
2026-06-10T10:01:34.900Z,10.41,2.99,0.0
2026-06-10T10:01:35.000Z,18.11,2.11,0.0
2026-06-10T10:01:35.100Z,26.81,2.27,0.0
2026-06-10T10:01:35.200Z,26.91,1.37,0.0
2026-06-10T10:01:35.300Z,20.35,2.44,0.0
2026-06-10T10:01:35.400Z,22.15,2.74,0.0
2026-06-10T10:01:35.500Z,30.48,3.49,0.0
2026-06-10T10:01:35.600Z,23.06,1.83,0.0
2026-06-10T10:01:35.700Z,33.97,0.4,0.0
2026-06-10T10:01:35.800Z,24.99,2.17,0.0
2026-06-10T10:01:35.900Z,26.63,0.59,0.0
2026-06-10T10:01:36.000Z,31.47,1.01,0.0
2026-06-10T10:01:36.100Z,25.52,1.28,0.0
2026-06-10T10:01:36.200Z,20.99,2.61,0.0
2026-06-10T10:01:36.300Z,24.56,0.81,0.0
2026-06-10T10:01:36.400Z,24.86,0.75,0.0
2026-06-10T10:01:36.500Z,19.54,0.35,0.0
2026-06-10T10:01:36.600Z,23.98,3.08,0.0
2026-06-10T10:01:36.700Z,22.03,2.49,0.0
2026-06-10T10:01:36.800Z,28.7,0.33,0.0
2026-06-10T10:01:36.900Z,25.14,0.29,0.0
2026-06-10T10:01:37.000Z,23.87,2.04,0.0
2026-06-10T10:01:37.100Z,115.13,8.58,0.0
2026-06-10T10:01:37.200Z,25.89,2.17,0.0
2026-06-10T10:01:37.300Z,27.47,1.63,0.0
2026-06-10T10:01:37.400Z,21.0,3.25,0.0
2026-06-10T10:01:37.500Z,20.83,1.15,0.0
2026-06-10T10:01:37.600Z,29.42,2.44,0.0
2026-06-10T10:01:37.700Z,23.35,0.38,0.0
2026-06-10T10:01:37.800Z,19.33,3.35,0.0
2026-06-10T10:01:37.900Z,26.78,3.44,0.0
2026-06-10T10:01:38.000Z,26.85,2.64,0.0
2026-06-10T10:01:38.100Z,18.88,1.74,0.0
2026-06-10T10:01:38.200Z,25.92,0.93,0.0
2026-06-10T10:01:38.300Z,27.94,2.88,0.0
2026-06-10T10:01:38.400Z,26.5,2.63,0.0
2026-06-10T10:01:38.500Z,27.53,0.93,0.0
2026-06-10T10:01:38.600Z,19.38,1.69,0.0
2026-06-10T10:01:38.700Z,26.32,1.73,0.0
2026-06-10T10:01:38.800Z,23.79,2.93,0.0
2026-06-10T10:01:38.900Z,23.07,2.46,0.0
2026-06-10T10:01:39.000Z,28.48,2.32,0.0
2026-06-10T10:01:39.100Z,30.92,2.34,0.0
2026-06-10T10:01:39.200Z,32.18,1.09,0.0
2026-06-10T10:01:39.300Z,30.26,1.43,0.0
2026-06-10T10:01:39.400Z,24.56,0.35,0.0
2026-06-10T10:01:39.500Z,26.41,2.8,0.0
2026-06-10T10:01:39.600Z,28.07,1.63,0.0
2026-06-10T10:01:39.700Z,25.48,1.65,0.0
2026-06-10T10:01:39.800Z,25.52,1.01,0.0
2026-06-10T10:01:39.900Z,28.3,0.89,0.0
2026-06-10T10:01:40.000Z,24.76,2.14,0.0
2026-06-10T10:01:40.100Z,22.08,0.97,0.0
2026-06-10T10:01:40.200Z,23.34,0.41,0.0
2026-06-10T10:01:40.300Z,27.54,2.73,0.0
2026-06-10T10:01:40.400Z,25.01,1.44,0.0
2026-06-10T10:01:40.500Z,26.36,1.45,0.0
2026-06-10T10:01:40.600Z,27.68,1.62,0.0
2026-06-10T10:01:40.700Z,23.5,2.89,0.0
2026-06-10T10:01:40.800Z,28.02,1.26,0.0
2026-06-10T10:01:40.900Z,26.52,2.7,0.0
2026-06-10T10:01:41.000Z,20.06,3.3,0.0
2026-06-10T10:01:41.100Z,30.77,2.38,0.0
2026-06-10T10:01:41.200Z,23.0,1.62,0.0
2026-06-10T10:01:41.300Z,18.38,2.67,0.0
2026-06-10T10:01:41.400Z,20.82,1.71,0.0
2026-06-10T10:01:41.500Z,20.92,1.57,0.0
2026-06-10T10:01:41.600Z,25.21,1.93,0.0
2026-06-10T10:01:41.700Z,23.9,1.25,0.0
2026-06-10T10:01:41.800Z,23.65,0.54,0.0
2026-06-10T10:01:41.900Z,27.48,1.57,0.0
2026-06-10T10:01:42.000Z,26.36,0.61,0.0
2026-06-10T10:01:42.100Z,26.26,1.55,0.0
2026-06-10T10:01:42.200Z,26.64,2.04,0.0
2026-06-10T10:01:42.300Z,27.46,3.27,0.0
2026-06-10T10:01:42.400Z,16.57,0.32,0.0
2026-06-10T10:01:42.500Z,23.54,2.25,0.0
2026-06-10T10:01:42.600Z,16.28,1.71,0.0
2026-06-10T10:01:42.700Z,25.14,0.27,0.0
2026-06-10T10:01:42.800Z,24.98,1.02,0.0
2026-06-10T10:01:42.900Z,29.18,0.59,0.0
2026-06-10T10:01:43.000Z,29.75,0.92,0.0
2026-06-10T10:01:43.100Z,25.81,1.11,0.0
2026-06-10T10:01:43.200Z,23.0,1.52,0.0
2026-06-10T10:01:43.300Z,26.94,1.95,0.0
2026-06-10T10:01:43.400Z,22.89,0.2,0.0
2026-06-10T10:01:43.500Z,24.99,0.73,0.0
2026-06-10T10:01:43.600Z,28.94,0.51,0.0
2026-06-10T10:01:43.700Z,22.77,2.01,0.0
2026-06-10T10:01:43.800Z,28.22,1.29,0.0
2026-06-10T10:01:43.900Z,27.71,2.01,0.0
2026-06-10T10:01:44.000Z,21.18,0.93,0.0
2026-06-10T10:01:44.100Z,28.9,0.28,0.0
2026-06-10T10:01:44.200Z,27.79,3.31,0.0
2026-06-10T10:01:44.300Z,25.41,0.56,0.0
2026-06-10T10:01:44.400Z,21.95,0.62,0.0
2026-06-10T10:01:44.500Z,21.56,0.68,0.0
2026-06-10T10:01:44.600Z,22.85,3.44,0.0
2026-06-10T10:01:44.700Z,27.17,2.24,0.0
2026-06-10T10:01:44.800Z,21.18,2.21,0.0
2026-06-10T10:01:44.900Z,26.75,3.46,0.0
2026-06-10T10:01:45.000Z,20.03,0.49,0.0
2026-06-10T10:01:45.100Z,24.18,3.42,0.0
2026-06-10T10:01:45.200Z,25.44,0.87,0.0
2026-06-10T10:01:45.300Z,34.78,2.26,0.0
2026-06-10T10:01:45.400Z,19.49,1.59,0.0
2026-06-10T10:01:45.500Z,30.89,1.47,0.0
2026-06-10T10:01:45.600Z,25.6,3.27,0.0
2026-06-10T10:01:45.700Z,26.64,0.69,0.0
2026-06-10T10:01:45.800Z,25.47,3.49,0.0
2026-06-10T10:01:45.900Z,26.78,1.45,0.0
2026-06-10T10:01:46.000Z,24.39,2.34,0.0
2026-06-10T10:01:46.100Z,30.82,3.39,0.0
2026-06-10T10:01:46.200Z,23.17,0.39,0.0
2026-06-10T10:01:46.300Z,29.53,3.25,0.0
2026-06-10T10:01:46.400Z,22.42,2.07,0.0
2026-06-10T10:01:46.500Z,24.76,2.52,0.0
2026-06-10T10:01:46.600Z,20.71,0.69,0.0
2026-06-10T10:01:46.700Z,26.82,1.96,0.0
2026-06-10T10:01:46.800Z,30.78,2.42,0.0
2026-06-10T10:01:46.900Z,24.69,1.71,0.0
2026-06-10T10:01:47.000Z,24.21,0.71,0.0
2026-06-10T10:01:47.100Z,20.54,1.01,0.0
2026-06-10T10:01:47.200Z,24.08,3.02,0.0
2026-06-10T10:01:47.300Z,18.63,0.31,0.0
2026-06-10T10:01:47.400Z,21.35,2.54,0.0
2026-06-10T10:01:47.500Z,25.91,3.5,0.0
2026-06-10T10:01:47.600Z,30.28,0.22,0.0
2026-06-10T10:01:47.700Z,36.24,0.73,0.0
2026-06-10T10:01:47.800Z,22.65,2.42,0.0
2026-06-10T10:01:47.900Z,30.74,0.4,0.0
2026-06-10T10:01:48.000Z,25.98,2.15,0.0
2026-06-10T10:01:48.100Z,24.4,2.46,0.0
2026-06-10T10:01:48.200Z,26.73,2.14,0.0
2026-06-10T10:01:48.300Z,25.25,1.41,0.0
2026-06-10T10:01:48.400Z,25.44,2.5,0.0
2026-06-10T10:01:48.500Z,23.37,2.16,0.0
2026-06-10T10:01:48.600Z,19.41,0.89,0.0
2026-06-10T10:01:48.700Z,18.83,2.06,0.0
2026-06-10T10:01:48.800Z,27.61,3.11,0.0
2026-06-10T10:01:48.900Z,23.89,2.4,0.0
2026-06-10T10:01:49.000Z,22.62,1.76,0.0
2026-06-10T10:01:49.100Z,25.03,1.26,0.0
2026-06-10T10:01:49.200Z,28.18,0.48,0.0
2026-06-10T10:01:49.300Z,25.72,1.01,0.0
2026-06-10T10:01:49.400Z,22.38,0.24,0.0
2026-06-10T10:01:49.500Z,29.91,3.46,0.0
2026-06-10T10:01:49.600Z,31.32,0.93,0.0
2026-06-10T10:01:49.700Z,26.98,2.89,0.0
2026-06-10T10:01:49.800Z,28.89,0.76,0.0
2026-06-10T10:01:49.900Z,29.97,1.14,0.0
2026-06-10T10:01:50.000Z,29.52,1.58,0.0
2026-06-10T10:01:50.100Z,27.46,1.27,0.0
2026-06-10T10:01:50.200Z,27.39,2.83,0.0
2026-06-10T10:01:50.300Z,27.08,3.36,0.0
2026-06-10T10:01:50.400Z,20.61,3.09,0.0
2026-06-10T10:01:50.500Z,27.8,0.71,0.0
2026-06-10T10:01:50.600Z,19.58,2.76,0.0
2026-06-10T10:01:50.700Z,21.82,0.69,0.0
2026-06-10T10:01:50.800Z,30.21,3.21,0.0
2026-06-10T10:01:50.900Z,28.36,1.91,0.0
2026-06-10T10:01:51.000Z,30.95,1.31,0.0
2026-06-10T10:01:51.100Z,23.91,0.72,0.0
2026-06-10T10:01:51.200Z,20.39,0.24,0.0
2026-06-10T10:01:51.300Z,24.04,1.02,0.0
2026-06-10T10:01:51.400Z,25.41,3.22,0.0
2026-06-10T10:01:51.500Z,25.32,2.83,0.0
2026-06-10T10:01:51.600Z,29.53,3.4,0.0
2026-06-10T10:01:51.700Z,23.55,0.53,0.0
2026-06-10T10:01:51.800Z,26.41,2.15,0.0
2026-06-10T10:01:51.900Z,21.05,1.05,0.0
2026-06-10T10:01:52.000Z,26.8,1.99,0.0
2026-06-10T10:01:52.100Z,25.01,1.26,0.0
2026-06-10T10:01:52.200Z,22.0,1.14,0.0
2026-06-10T10:01:52.300Z,24.06,2.09,0.0
2026-06-10T10:01:52.400Z,24.26,0.8,0.0
2026-06-10T10:01:52.500Z,23.92,1.75,0.0
2026-06-10T10:01:52.600Z,32.09,2.35,0.0
2026-06-10T10:01:52.700Z,24.61,0.62,0.0
2026-06-10T10:01:52.800Z,24.02,3.27,0.0
2026-06-10T10:01:52.900Z,16.61,1.87,0.0
2026-06-10T10:01:53.000Z,21.42,2.9,0.0
2026-06-10T10:01:53.100Z,23.95,2.36,0.0
2026-06-10T10:01:53.200Z,22.26,2.54,0.0
2026-06-10T10:01:53.300Z,30.53,2.56,0.0
2026-06-10T10:01:53.400Z,24.34,3.09,0.0
2026-06-10T10:01:53.500Z,30.15,2.22,0.0
2026-06-10T10:01:53.600Z,25.25,1.12,0.0
2026-06-10T10:01:53.700Z,25.15,0.53,0.0
2026-06-10T10:01:53.800Z,24.64,2.2,0.0
2026-06-10T10:01:53.900Z,25.02,0.42,0.0
2026-06-10T10:01:54.000Z,31.88,1.0,0.0
2026-06-10T10:01:54.100Z,15.72,0.4,0.0
2026-06-10T10:01:54.200Z,16.99,2.01,0.0
2026-06-10T10:01:54.300Z,22.83,0.73,0.0
2026-06-10T10:01:54.400Z,25.06,2.21,0.0
2026-06-10T10:01:54.500Z,27.76,2.81,0.0
2026-06-10T10:01:54.600Z,26.89,2.91,0.0
2026-06-10T10:01:54.700Z,23.46,1.22,0.0
2026-06-10T10:01:54.800Z,29.08,2.01,0.0
2026-06-10T10:01:54.900Z,29.12,2.06,0.0
2026-06-10T10:01:55.000Z,25.74,1.76,0.0
2026-06-10T10:01:55.100Z,28.85,2.36,0.0
2026-06-10T10:01:55.200Z,26.09,0.89,0.0
2026-06-10T10:01:55.300Z,22.75,3.43,0.0
2026-06-10T10:01:55.400Z,27.79,0.52,0.0
2026-06-10T10:01:55.500Z,25.44,2.94,0.0
2026-06-10T10:01:55.600Z,25.01,2.16,0.0
2026-06-10T10:01:55.700Z,30.89,1.01,0.0
2026-06-10T10:01:55.800Z,15.2,2.66,0.0
2026-06-10T10:01:55.900Z,19.33,0.48,0.0
2026-06-10T10:01:56.000Z,20.25,2.76,0.0
2026-06-10T10:01:56.100Z,23.55,2.15,0.0
2026-06-10T10:01:56.200Z,23.98,0.57,0.0
2026-06-10T10:01:56.300Z,18.97,0.46,0.0
2026-06-10T10:01:56.400Z,21.06,2.68,0.0
2026-06-10T10:01:56.500Z,21.56,1.17,0.0
2026-06-10T10:01:56.600Z,34.83,3.13,0.0
2026-06-10T10:01:56.700Z,32.21,2.71,0.0
2026-06-10T10:01:56.800Z,23.35,2.5,0.0
2026-06-10T10:01:56.900Z,23.55,1.12,0.0
2026-06-10T10:01:57.000Z,20.4,2.54,0.0
2026-06-10T10:01:57.100Z,17.37,3.33,0.0
2026-06-10T10:01:57.200Z,24.53,0.5,0.0
2026-06-10T10:01:57.300Z,21.01,1.28,0.0
2026-06-10T10:01:57.400Z,24.66,0.97,0.0
2026-06-10T10:01:57.500Z,18.6,1.5,0.0
2026-06-10T10:01:57.600Z,21.95,2.65,0.0
2026-06-10T10:01:57.700Z,25.59,1.77,0.0
2026-06-10T10:01:57.800Z,26.46,2.08,0.0
2026-06-10T10:01:57.900Z,26.67,1.24,0.0
2026-06-10T10:01:58.000Z,22.0,1.5,0.0
2026-06-10T10:01:58.100Z,27.18,3.7,0.0
2026-06-10T10:01:58.200Z,30.7,5.19,0.0
2026-06-10T10:01:58.300Z,33.78,6.5,0.0
2026-06-10T10:01:58.400Z,36.6,7.69,0.0
2026-06-10T10:01:58.500Z,39.23,8.81,0.0
2026-06-10T10:01:58.600Z,41.71,9.86,0.0
2026-06-10T10:01:58.700Z,44.07,10.86,0.0352
2026-06-10T10:01:58.800Z,46.32,11.81,0.0474
2026-06-10T10:01:58.900Z,48.48,12.73,0.0419
2026-06-10T10:01:59.000Z,50.55,13.61,0.0327
2026-06-10T10:01:59.100Z,52.53,14.45,0.0155
2026-06-10T10:01:59.200Z,54.44,15.26,0.0326
2026-06-10T10:01:59.300Z,56.28,16.04,0.0125
2026-06-10T10:01:59.400Z,58.04,16.78,0.0272
2026-06-10T10:01:59.500Z,59.73,17.5,0.0256
2026-06-10T10:01:59.600Z,61.35,18.19,0.0271
2026-06-10T10:01:59.700Z,62.91,18.85,0.0212
2026-06-10T10:01:59.800Z,64.4,19.48,0.0374
2026-06-10T10:01:59.900Z,65.82,20.08,0.0436
2026-06-10T10:02:00.000Z,67.17,20.66,0.0407
2026-06-10T10:02:00.100Z,68.46,21.2,0.0351
2026-06-10T10:02:00.200Z,69.68,21.72,0.0315
2026-06-10T10:02:00.300Z,70.83,22.21,0.0112
2026-06-10T10:02:00.400Z,71.92,22.67,0.0389
2026-06-10T10:02:00.500Z,72.94,23.11,0.0318
2026-06-10T10:02:00.600Z,73.9,23.51,0.0208
2026-06-10T10:02:00.700Z,74.79,23.89,0.0231
2026-06-10T10:02:00.800Z,75.61,24.23,0.0474
2026-06-10T10:02:00.900Z,76.36,24.55,0.035
2026-06-10T10:02:01.000Z,77.05,24.84,0.029
2026-06-10T10:02:01.100Z,77.66,25.11,0.0348
2026-06-10T10:02:01.200Z,78.21,25.34,0.0265
2026-06-10T10:02:01.300Z,78.69,25.54,0.0288
2026-06-10T10:02:01.400Z,79.11,25.72,0.0216
2026-06-10T10:02:01.500Z,79.45,25.87,0.0276
2026-06-10T10:02:01.600Z,79.73,25.98,0.0374
2026-06-10T10:02:01.700Z,79.93,26.07,0.0116
2026-06-10T10:02:01.800Z,80.07,26.13,0.0418
2026-06-10T10:02:01.900Z,80.14,26.16,0.0213
2026-06-10T10:02:02.000Z,80.14,26.16,0.0373
2026-06-10T10:02:02.100Z,80.07,26.13,0.0357
2026-06-10T10:02:02.200Z,79.93,26.07,0.0361
2026-06-10T10:02:02.300Z,79.73,25.98,0.0343
2026-06-10T10:02:02.400Z,79.45,25.87,0.0484
2026-06-10T10:02:02.500Z,79.11,25.72,0.0303
2026-06-10T10:02:02.600Z,78.69,25.54,0.0393
2026-06-10T10:02:02.700Z,78.21,25.34,0.0382
2026-06-10T10:02:02.800Z,77.66,25.11,0.0195
2026-06-10T10:02:02.900Z,77.05,24.84,0.0213
2026-06-10T10:02:03.000Z,76.36,24.55,0.027
2026-06-10T10:02:03.100Z,75.61,24.23,0.0211
2026-06-10T10:02:03.200Z,74.79,23.89,0.0247
2026-06-10T10:02:03.300Z,73.9,23.51,0.0256
2026-06-10T10:02:03.400Z,72.94,23.11,0.0342
2026-06-10T10:02:03.500Z,71.92,22.67,0.0188
2026-06-10T10:02:03.600Z,70.83,22.21,0.0422
2026-06-10T10:02:03.700Z,69.68,21.72,0.0275
2026-06-10T10:02:03.800Z,68.46,21.2,0.0382
2026-06-10T10:02:03.900Z,67.17,20.66,0.0133
2026-06-10T10:02:04.000Z,65.82,20.08,0.0288
2026-06-10T10:02:04.100Z,64.4,19.48,0.0111
2026-06-10T10:02:04.200Z,62.91,18.85,0.037
2026-06-10T10:02:04.300Z,61.35,18.19,0.0237
2026-06-10T10:02:04.400Z,59.73,17.5,0.048
2026-06-10T10:02:04.500Z,58.04,16.78,0.023
2026-06-10T10:02:04.600Z,56.28,16.04,0.0326
2026-06-10T10:02:04.700Z,54.44,15.26,0.0203
2026-06-10T10:02:04.800Z,52.53,14.45,0.0348
2026-06-10T10:02:04.900Z,50.55,13.61,0.0287
2026-06-10T10:02:05.000Z,48.48,12.73,0.0248
2026-06-10T10:02:05.100Z,46.32,11.81,0.0181
2026-06-10T10:02:05.200Z,44.07,10.86,0.0145
2026-06-10T10:02:05.300Z,41.71,9.86,0.0
2026-06-10T10:02:05.400Z,39.23,8.81,0.0
2026-06-10T10:02:05.500Z,36.6,7.69,0.0
2026-06-10T10:02:05.600Z,33.78,6.5,0.0
2026-06-10T10:02:05.700Z,30.7,5.19,0.0
2026-06-10T10:02:05.800Z,27.18,3.7,0.0
2026-06-10T10:02:05.900Z,22.0,1.5,0.0
2026-06-10T10:02:06.000Z,29.0,2.43,0.0
2026-06-10T10:02:06.100Z,25.39,1.29,0.0
2026-06-10T10:02:06.200Z,28.18,2.33,0.0
2026-06-10T10:02:06.300Z,23.21,0.82,0.0
2026-06-10T10:02:06.400Z,24.8,3.29,0.0
2026-06-10T10:02:06.500Z,24.54,1.2,0.0
2026-06-10T10:02:06.600Z,21.66,1.04,0.0
2026-06-10T10:02:06.700Z,27.65,2.55,0.0
2026-06-10T10:02:06.800Z,27.6,2.37,0.0
2026-06-10T10:02:06.900Z,27.37,1.69,0.0
2026-06-10T10:02:07.000Z,31.15,2.29,0.0
2026-06-10T10:02:07.100Z,30.8,0.73,0.0
2026-06-10T10:02:07.200Z,23.5,2.42,0.0
2026-06-10T10:02:07.300Z,26.49,1.09,0.0
2026-06-10T10:02:07.400Z,22.51,1.1,0.0
2026-06-10T10:02:07.500Z,25.09,0.74,0.0
2026-06-10T10:02:07.600Z,22.6,1.3,0.0
2026-06-10T10:02:07.700Z,31.48,1.29,0.0
2026-06-10T10:02:07.800Z,26.45,1.7,0.0
2026-06-10T10:02:07.900Z,24.13,0.83,0.0
2026-06-10T10:02:08.000Z,29.77,0.84,0.0
2026-06-10T10:02:08.100Z,16.32,1.99,0.0
2026-06-10T10:02:08.200Z,16.94,0.63,0.0
2026-06-10T10:02:08.300Z,28.18,2.47,0.0
2026-06-10T10:02:08.400Z,25.24,3.32,0.0
2026-06-10T10:02:08.500Z,26.0,1.61,0.0
2026-06-10T10:02:08.600Z,19.69,3.17,0.0
2026-06-10T10:02:08.700Z,24.91,0.52,0.0
2026-06-10T10:02:08.800Z,33.01,0.34,0.0
2026-06-10T10:02:08.900Z,28.3,2.58,0.0
2026-06-10T10:02:09.000Z,25.68,2.71,0.0
2026-06-10T10:02:09.100Z,23.24,2.98,0.0
2026-06-10T10:02:09.200Z,23.42,0.39,0.0
2026-06-10T10:02:09.300Z,16.48,2.76,0.0
2026-06-10T10:02:09.400Z,26.03,1.44,0.0
2026-06-10T10:02:09.500Z,28.38,1.2,0.0
2026-06-10T10:02:09.600Z,18.7,0.77,0.0
2026-06-10T10:02:09.700Z,22.35,3.49,0.0
2026-06-10T10:02:09.800Z,20.37,0.41,0.0
2026-06-10T10:02:09.900Z,21.14,2.93,0.0
2026-06-10T10:02:10.000Z,25.21,2.31,0.0
2026-06-10T10:02:10.100Z,16.66,2.63,0.0
2026-06-10T10:02:10.200Z,27.46,2.55,0.0
2026-06-10T10:02:10.300Z,28.02,3.03,0.0
2026-06-10T10:02:10.400Z,24.0,0.81,0.0
2026-06-10T10:02:10.500Z,15.08,0.2,0.0
2026-06-10T10:02:10.600Z,21.01,2.18,0.0
2026-06-10T10:02:10.700Z,29.93,1.37,0.0
2026-06-10T10:02:10.800Z,13.89,0.61,0.0
2026-06-10T10:02:10.900Z,23.61,0.81,0.0
2026-06-10T10:02:11.000Z,20.28,1.29,0.0
2026-06-10T10:02:11.100Z,28.22,0.43,0.0
2026-06-10T10:02:11.200Z,22.3,0.39,0.0
2026-06-10T10:02:11.300Z,26.62,3.22,0.0
2026-06-10T10:02:11.400Z,27.26,1.23,0.0
2026-06-10T10:02:11.500Z,32.34,3.44,0.0
2026-06-10T10:02:11.600Z,24.19,3.38,0.0
2026-06-10T10:02:11.700Z,26.5,0.67,0.0
2026-06-10T10:02:11.800Z,19.06,2.56,0.0
2026-06-10T10:02:11.900Z,29.76,2.18,0.0
2026-06-10T10:02:12.000Z,21.96,2.48,0.0
2026-06-10T10:02:12.100Z,22.76,0.52,0.0
2026-06-10T10:02:12.200Z,24.91,0.82,0.0
2026-06-10T10:02:12.300Z,18.75,0.45,0.0
2026-06-10T10:02:12.400Z,25.92,2.19,0.0
2026-06-10T10:02:12.500Z,28.87,3.46,0.0
2026-06-10T10:02:12.600Z,26.17,2.42,0.0
2026-06-10T10:02:12.700Z,18.64,2.55,0.0
2026-06-10T10:02:12.800Z,24.5,3.45,0.0
2026-06-10T10:02:12.900Z,27.97,2.44,0.0
2026-06-10T10:02:13.000Z,17.49,0.33,0.0
2026-06-10T10:02:13.100Z,20.7,3.06,0.0
2026-06-10T10:02:13.200Z,28.51,1.4,0.0
2026-06-10T10:02:13.300Z,26.08,0.21,0.0
2026-06-10T10:02:13.400Z,26.65,1.87,0.0
2026-06-10T10:02:13.500Z,32.44,3.29,0.0
2026-06-10T10:02:13.600Z,26.87,1.05,0.0
2026-06-10T10:02:13.700Z,27.63,1.82,0.0
2026-06-10T10:02:13.800Z,35.84,0.77,0.0
2026-06-10T10:02:13.900Z,24.14,0.39,0.0
2026-06-10T10:02:14.000Z,21.81,0.47,0.0
2026-06-10T10:02:14.100Z,26.71,2.6,0.0
2026-06-10T10:02:14.200Z,26.76,3.05,0.0
2026-06-10T10:02:14.300Z,22.89,0.67,0.0
2026-06-10T10:02:14.400Z,20.87,1.15,0.0
2026-06-10T10:02:14.500Z,34.24,0.84,0.0
2026-06-10T10:02:14.600Z,26.31,0.29,0.0
2026-06-10T10:02:14.700Z,22.07,2.03,0.0
2026-06-10T10:02:14.800Z,104.61,9.05,0.022
2026-06-10T10:02:14.900Z,24.56,2.34,0.0
2026-06-10T10:02:15.000Z,23.99,1.48,0.0
2026-06-10T10:02:15.100Z,27.25,2.03,0.0
2026-06-10T10:02:15.200Z,19.83,0.51,0.0
2026-06-10T10:02:15.300Z,26.41,0.71,0.0
2026-06-10T10:02:15.400Z,32.65,3.27,0.0
2026-06-10T10:02:15.500Z,26.86,2.71,0.0
2026-06-10T10:02:15.600Z,23.5,3.25,0.0
2026-06-10T10:02:15.700Z,22.97,3.23,0.0
2026-06-10T10:02:15.800Z,23.36,2.34,0.0
2026-06-10T10:02:15.900Z,23.98,3.26,0.0
2026-06-10T10:02:16.000Z,23.49,1.58,0.0
2026-06-10T10:02:16.100Z,28.67,0.21,0.0
2026-06-10T10:02:16.200Z,18.07,0.41,0.0
2026-06-10T10:02:16.300Z,28.45,0.56,0.0
2026-06-10T10:02:16.400Z,23.48,0.51,0.0
2026-06-10T10:02:16.500Z,26.51,1.36,0.0
2026-06-10T10:02:16.600Z,20.49,2.51,0.0
2026-06-10T10:02:16.700Z,87.38,6.76,0.029
2026-06-10T10:02:16.800Z,29.98,2.15,0.0
2026-06-10T10:02:16.900Z,28.84,0.68,0.0
2026-06-10T10:02:17.000Z,18.94,2.67,0.0
2026-06-10T10:02:17.100Z,28.32,1.37,0.0
2026-06-10T10:02:17.200Z,26.62,0.24,0.0
2026-06-10T10:02:17.300Z,18.58,1.13,0.0
2026-06-10T10:02:17.400Z,24.9,1.29,0.0
2026-06-10T10:02:17.500Z,26.46,1.11,0.0
2026-06-10T10:02:17.600Z,27.22,2.88,0.0
2026-06-10T10:02:17.700Z,25.71,2.71,0.0
2026-06-10T10:02:17.800Z,26.16,2.5,0.0
2026-06-10T10:02:17.900Z,30.89,0.66,0.0
2026-06-10T10:02:18.000Z,29.9,2.87,0.0
2026-06-10T10:02:18.100Z,13.53,2.43,0.0
2026-06-10T10:02:18.200Z,23.73,0.84,0.0
2026-06-10T10:02:18.300Z,24.34,2.34,0.0
2026-06-10T10:02:18.400Z,17.99,1.8,0.0
2026-06-10T10:02:18.500Z,25.38,1.65,0.0
2026-06-10T10:02:18.600Z,30.0,0.57,0.0
2026-06-10T10:02:18.700Z,20.65,1.91,0.0
2026-06-10T10:02:18.800Z,26.35,0.53,0.0
2026-06-10T10:02:18.900Z,21.34,0.74,0.0
2026-06-10T10:02:19.000Z,22.31,0.64,0.0
2026-06-10T10:02:19.100Z,30.91,3.35,0.0
2026-06-10T10:02:19.200Z,22.83,1.14,0.0
2026-06-10T10:02:19.300Z,26.85,1.37,0.0
2026-06-10T10:02:19.400Z,17.52,1.26,0.0
2026-06-10T10:02:19.500Z,32.45,3.16,0.0
2026-06-10T10:02:19.600Z,27.41,2.06,0.0
2026-06-10T10:02:19.700Z,24.27,3.23,0.0
2026-06-10T10:02:19.800Z,27.3,1.19,0.0
2026-06-10T10:02:19.900Z,19.36,0.58,0.0
2026-06-10T10:02:20.000Z,29.73,2.04,0.0
2026-06-10T10:02:20.100Z,23.7,1.34,0.0
2026-06-10T10:02:20.200Z,24.18,2.85,0.0
2026-06-10T10:02:20.300Z,23.03,3.1,0.0
2026-06-10T10:02:20.400Z,22.68,1.76,0.0
2026-06-10T10:02:20.500Z,27.78,3.41,0.0
2026-06-10T10:02:20.600Z,26.02,2.02,0.0
2026-06-10T10:02:20.700Z,27.61,1.09,0.0
2026-06-10T10:02:20.800Z,24.96,1.81,0.0
2026-06-10T10:02:20.900Z,27.05,0.32,0.0
2026-06-10T10:02:21.000Z,23.32,2.85,0.0
2026-06-10T10:02:21.100Z,33.92,0.53,0.0
2026-06-10T10:02:21.200Z,18.73,1.22,0.0
2026-06-10T10:02:21.300Z,30.04,2.07,0.0
2026-06-10T10:02:21.400Z,30.47,0.34,0.0
2026-06-10T10:02:21.500Z,21.59,0.46,0.0
2026-06-10T10:02:21.600Z,33.92,2.5,0.0
2026-06-10T10:02:21.700Z,28.98,0.44,0.0
2026-06-10T10:02:21.800Z,28.88,1.77,0.0
2026-06-10T10:02:21.900Z,25.11,1.32,0.0
2026-06-10T10:02:22.000Z,24.13,0.95,0.0
2026-06-10T10:02:22.100Z,24.16,0.82,0.0
2026-06-10T10:02:22.200Z,26.56,2.72,0.0
2026-06-10T10:02:22.300Z,30.6,3.34,0.0
2026-06-10T10:02:22.400Z,25.73,0.66,0.0
2026-06-10T10:02:22.500Z,21.35,3.37,0.0
2026-06-10T10:02:22.600Z,28.3,2.16,0.0
2026-06-10T10:02:22.700Z,28.68,2.32,0.0
2026-06-10T10:02:22.800Z,27.62,2.54,0.0
2026-06-10T10:02:22.900Z,27.98,2.52,0.0
2026-06-10T10:02:23.000Z,23.92,2.91,0.0
2026-06-10T10:02:23.100Z,21.28,1.8,0.0
2026-06-10T10:02:23.200Z,21.53,1.96,0.0
2026-06-10T10:02:23.300Z,18.46,1.27,0.0
2026-06-10T10:02:23.400Z,25.95,0.55,0.0
2026-06-10T10:02:23.500Z,24.67,2.39,0.0
2026-06-10T10:02:23.600Z,23.24,0.31,0.0
2026-06-10T10:02:23.700Z,13.18,1.11,0.0
2026-06-10T10:02:23.800Z,20.01,0.51,0.0
2026-06-10T10:02:23.900Z,29.48,0.83,0.0
2026-06-10T10:02:24.000Z,22.34,2.31,0.0
2026-06-10T10:02:24.100Z,26.44,2.27,0.0
2026-06-10T10:02:24.200Z,19.44,1.59,0.0
2026-06-10T10:02:24.300Z,30.75,0.5,0.0
2026-06-10T10:02:24.400Z,24.42,1.63,0.0
2026-06-10T10:02:24.500Z,26.16,1.36,0.0
2026-06-10T10:02:24.600Z,34.3,2.58,0.0
2026-06-10T10:02:24.700Z,31.07,2.11,0.0
2026-06-10T10:02:24.800Z,23.77,1.82,0.0
2026-06-10T10:02:24.900Z,22.63,1.81,0.0
2026-06-10T10:02:25.000Z,23.7,3.39,0.0
2026-06-10T10:02:25.100Z,27.04,2.7,0.0
2026-06-10T10:02:25.200Z,24.58,1.84,0.0
2026-06-10T10:02:25.300Z,23.42,1.78,0.0
2026-06-10T10:02:25.400Z,30.87,0.29,0.0
2026-06-10T10:02:25.500Z,24.54,3.31,0.0
2026-06-10T10:02:25.600Z,34.2,1.25,0.0
2026-06-10T10:02:25.700Z,25.36,1.04,0.0
2026-06-10T10:02:25.800Z,32.14,3.5,0.0
2026-06-10T10:02:25.900Z,26.43,2.57,0.0
2026-06-10T10:02:26.000Z,28.85,0.36,0.0
2026-06-10T10:02:26.100Z,22.1,0.4,0.0
2026-06-10T10:02:26.200Z,21.58,0.28,0.0
2026-06-10T10:02:26.300Z,26.84,2.18,0.0
2026-06-10T10:02:26.400Z,28.95,0.44,0.0
2026-06-10T10:02:26.500Z,25.16,3.28,0.0
2026-06-10T10:02:26.600Z,19.85,3.29,0.0
2026-06-10T10:02:26.700Z,19.56,2.0,0.0
2026-06-10T10:02:26.800Z,19.29,2.23,0.0
2026-06-10T10:02:26.900Z,17.93,1.16,0.0
2026-06-10T10:02:27.000Z,25.44,0.41,0.0
2026-06-10T10:02:27.100Z,29.5,2.63,0.0
2026-06-10T10:02:27.200Z,24.95,0.54,0.0
2026-06-10T10:02:27.300Z,15.96,0.48,0.0
2026-06-10T10:02:27.400Z,24.24,1.23,0.0
2026-06-10T10:02:27.500Z,24.35,0.24,0.0
2026-06-10T10:02:27.600Z,33.38,1.63,0.0
2026-06-10T10:02:27.700Z,19.17,2.54,0.0
2026-06-10T10:02:27.800Z,23.44,2.84,0.0
2026-06-10T10:02:27.900Z,31.82,2.19,0.0
2026-06-10T10:02:28.000Z,26.8,2.99,0.0
2026-06-10T10:02:28.100Z,27.25,1.54,0.0
2026-06-10T10:02:28.200Z,25.46,3.0,0.0
2026-06-10T10:02:28.300Z,26.32,1.87,0.0
2026-06-10T10:02:28.400Z,28.11,0.94,0.0
2026-06-10T10:02:28.500Z,21.76,3.32,0.0
2026-06-10T10:02:28.600Z,28.51,1.11,0.0
2026-06-10T10:02:28.700Z,19.51,0.29,0.0
2026-06-10T10:02:28.800Z,26.31,1.0,0.0
2026-06-10T10:02:28.900Z,25.71,1.41,0.0
2026-06-10T10:02:29.000Z,22.53,1.36,0.0
2026-06-10T10:02:29.100Z,24.91,1.93,0.0
2026-06-10T10:02:29.200Z,22.51,3.11,0.0
2026-06-10T10:02:29.300Z,20.71,1.16,0.0
2026-06-10T10:02:29.400Z,23.59,1.92,0.0
2026-06-10T10:02:29.500Z,20.58,1.32,0.0
2026-06-10T10:02:29.600Z,26.29,2.91,0.0
2026-06-10T10:02:29.700Z,20.4,0.72,0.0
2026-06-10T10:02:29.800Z,27.85,0.54,0.0
2026-06-10T10:02:29.900Z,20.27,1.86,0.0
2026-06-10T10:02:30.000Z,22.73,2.42,0.0
2026-06-10T10:02:30.100Z,22.5,2.83,0.0
2026-06-10T10:02:30.200Z,30.3,2.15,0.0
2026-06-10T10:02:30.300Z,26.32,2.75,0.0
2026-06-10T10:02:30.400Z,24.15,1.5,0.0
2026-06-10T10:02:30.500Z,26.99,0.31,0.0
2026-06-10T10:02:30.600Z,16.57,0.58,0.0
2026-06-10T10:02:30.700Z,24.83,0.33,0.0
2026-06-10T10:02:30.800Z,32.99,1.29,0.0
2026-06-10T10:02:30.900Z,25.53,1.84,0.0
2026-06-10T10:02:31.000Z,25.27,1.38,0.0
2026-06-10T10:02:31.100Z,27.19,2.05,0.0
2026-06-10T10:02:31.200Z,28.58,1.79,0.0
2026-06-10T10:02:31.300Z,17.01,2.44,0.0
2026-06-10T10:02:31.400Z,18.27,2.4,0.0
2026-06-10T10:02:31.500Z,25.84,1.25,0.0
2026-06-10T10:02:31.600Z,22.14,1.34,0.0
2026-06-10T10:02:31.700Z,30.25,2.13,0.0
2026-06-10T10:02:31.800Z,23.74,2.17,0.0
2026-06-10T10:02:31.900Z,17.26,1.24,0.0
2026-06-10T10:02:32.000Z,19.93,1.29,0.0
2026-06-10T10:02:32.100Z,14.0,2.49,0.0
2026-06-10T10:02:32.200Z,24.06,2.34,0.0
2026-06-10T10:02:32.300Z,24.25,0.65,0.0
2026-06-10T10:02:32.400Z,23.3,1.66,0.0
2026-06-10T10:02:32.500Z,29.32,3.15,0.0
2026-06-10T10:02:32.600Z,29.79,0.32,0.0
2026-06-10T10:02:32.700Z,24.32,3.02,0.0
2026-06-10T10:02:32.800Z,16.46,0.74,0.0
2026-06-10T10:02:32.900Z,27.47,1.87,0.0
2026-06-10T10:02:33.000Z,27.22,1.6,0.0
2026-06-10T10:02:33.100Z,26.24,0.23,0.0
2026-06-10T10:02:33.200Z,28.93,3.22,0.0
2026-06-10T10:02:33.300Z,20.34,1.7,0.0
2026-06-10T10:02:33.400Z,33.04,3.35,0.0
2026-06-10T10:02:33.500Z,21.16,1.15,0.0
2026-06-10T10:02:33.600Z,28.0,3.06,0.0
2026-06-10T10:02:33.700Z,18.25,3.24,0.0
2026-06-10T10:02:33.800Z,21.28,2.04,0.0
2026-06-10T10:02:33.900Z,88.45,7.03,0.0
2026-06-10T10:02:34.000Z,23.96,2.46,0.0
2026-06-10T10:02:34.100Z,28.36,2.01,0.0
2026-06-10T10:02:34.200Z,25.95,3.32,0.0
2026-06-10T10:02:34.300Z,24.58,1.65,0.0
2026-06-10T10:02:34.400Z,30.46,1.09,0.0
2026-06-10T10:02:34.500Z,24.05,0.66,0.0
2026-06-10T10:02:34.600Z,17.88,2.51,0.0
2026-06-10T10:02:34.700Z,21.79,3.41,0.0
2026-06-10T10:02:34.800Z,27.2,0.29,0.0
2026-06-10T10:02:34.900Z,26.58,2.64,0.0
2026-06-10T10:02:35.000Z,18.73,3.26,0.0
2026-06-10T10:02:35.100Z,22.1,0.45,0.0
2026-06-10T10:02:35.200Z,22.67,0.56,0.0
2026-06-10T10:02:35.300Z,23.54,2.48,0.0
2026-06-10T10:02:35.400Z,19.5,2.34,0.0
2026-06-10T10:02:35.500Z,22.49,0.43,0.0
2026-06-10T10:02:35.600Z,22.09,2.95,0.0
2026-06-10T10:02:35.700Z,28.09,1.93,0.0
2026-06-10T10:02:35.800Z,28.24,3.19,0.0
2026-06-10T10:02:35.900Z,24.42,3.1,0.0
2026-06-10T10:02:36.000Z,23.43,2.88,0.0
2026-06-10T10:02:36.100Z,25.56,1.9,0.0
2026-06-10T10:02:36.200Z,21.73,1.03,0.0
2026-06-10T10:02:36.300Z,20.41,1.87,0.0
2026-06-10T10:02:36.400Z,21.24,0.53,0.0
2026-06-10T10:02:36.500Z,22.46,2.37,0.0
2026-06-10T10:02:36.600Z,20.35,0.64,0.0
2026-06-10T10:02:36.700Z,25.65,1.89,0.0
2026-06-10T10:02:36.800Z,27.92,0.38,0.0
2026-06-10T10:02:36.900Z,18.65,1.19,0.0
2026-06-10T10:02:37.000Z,25.1,0.97,0.0
2026-06-10T10:02:37.100Z,24.12,2.25,0.0
2026-06-10T10:02:37.200Z,26.37,2.8,0.0
2026-06-10T10:02:37.300Z,24.95,0.39,0.0
2026-06-10T10:02:37.400Z,19.19,3.01,0.0
2026-06-10T10:02:37.500Z,19.95,3.04,0.0
2026-06-10T10:02:37.600Z,25.12,1.33,0.0
2026-06-10T10:02:37.700Z,29.12,2.37,0.0
2026-06-10T10:02:37.800Z,16.14,1.53,0.0
2026-06-10T10:02:37.900Z,26.38,0.71,0.0
2026-06-10T10:02:38.000Z,29.76,1.94,0.0
2026-06-10T10:02:38.100Z,24.39,0.48,0.0
2026-06-10T10:02:38.200Z,27.2,3.1,0.0
2026-06-10T10:02:38.300Z,22.19,3.25,0.0
2026-06-10T10:02:38.400Z,24.52,2.91,0.0
2026-06-10T10:02:38.500Z,18.52,2.06,0.0
2026-06-10T10:02:38.600Z,15.62,2.04,0.0
2026-06-10T10:02:38.700Z,28.77,3.45,0.0
2026-06-10T10:02:38.800Z,21.06,1.02,0.0
2026-06-10T10:02:38.900Z,23.18,0.45,0.0
2026-06-10T10:02:39.000Z,19.45,2.05,0.0
2026-06-10T10:02:39.100Z,19.36,1.28,0.0
2026-06-10T10:02:39.200Z,24.3,1.26,0.0
2026-06-10T10:02:39.300Z,22.08,0.22,0.0
2026-06-10T10:02:39.400Z,26.51,2.17,0.0
2026-06-10T10:02:39.500Z,26.81,1.07,0.0
2026-06-10T10:02:39.600Z,26.28,0.82,0.0
2026-06-10T10:02:39.700Z,25.95,0.33,0.0
2026-06-10T10:02:39.800Z,31.31,1.4,0.0
2026-06-10T10:02:39.900Z,20.73,3.1,0.0
2026-06-10T10:02:40.000Z,24.78,1.31,0.0
2026-06-10T10:02:40.100Z,29.53,2.44,0.0
2026-06-10T10:02:40.200Z,30.06,2.7,0.0
2026-06-10T10:02:40.300Z,19.31,1.28,0.0
2026-06-10T10:02:40.400Z,23.75,2.91,0.0
2026-06-10T10:02:40.500Z,30.43,2.48,0.0
2026-06-10T10:02:40.600Z,27.03,2.05,0.0
2026-06-10T10:02:40.700Z,25.78,0.2,0.0
2026-06-10T10:02:40.800Z,24.13,0.32,0.0
2026-06-10T10:02:40.900Z,23.46,3.47,0.0
2026-06-10T10:02:41.000Z,26.15,2.78,0.0
2026-06-10T10:02:41.100Z,23.99,3.29,0.0
2026-06-10T10:02:41.200Z,24.83,3.18,0.0
2026-06-10T10:02:41.300Z,25.31,0.27,0.0
2026-06-10T10:02:41.400Z,22.29,2.81,0.0
2026-06-10T10:02:41.500Z,27.13,1.69,0.0
2026-06-10T10:02:41.600Z,36.66,2.81,0.0
2026-06-10T10:02:41.700Z,17.89,0.22,0.0
2026-06-10T10:02:41.800Z,26.3,1.15,0.0
2026-06-10T10:02:41.900Z,21.96,2.68,0.0
2026-06-10T10:02:42.000Z,27.31,2.82,0.0
2026-06-10T10:02:42.100Z,25.19,2.25,0.0
2026-06-10T10:02:42.200Z,28.05,1.19,0.0
2026-06-10T10:02:42.300Z,29.7,1.22,0.0
2026-06-10T10:02:42.400Z,25.77,3.39,0.0
2026-06-10T10:02:42.500Z,29.53,1.65,0.0
2026-06-10T10:02:42.600Z,15.62,1.68,0.0
2026-06-10T10:02:42.700Z,31.36,2.02,0.0
2026-06-10T10:02:42.800Z,26.5,1.55,0.0
2026-06-10T10:02:42.900Z,29.31,2.02,0.0
2026-06-10T10:02:43.000Z,20.12,1.63,0.0
2026-06-10T10:02:43.100Z,21.68,2.93,0.0
2026-06-10T10:02:43.200Z,25.58,3.2,0.0
2026-06-10T10:02:43.300Z,24.93,3.28,0.0
2026-06-10T10:02:43.400Z,26.13,2.06,0.0
2026-06-10T10:02:43.500Z,29.34,1.66,0.0
2026-06-10T10:02:43.600Z,91.13,6.43,0.0
2026-06-10T10:02:43.700Z,28.9,2.97,0.0
2026-06-10T10:02:43.800Z,25.03,2.06,0.0
2026-06-10T10:02:43.900Z,24.18,2.51,0.0
2026-06-10T10:02:44.000Z,19.12,2.67,0.0
2026-06-10T10:02:44.100Z,27.01,2.43,0.0
2026-06-10T10:02:44.200Z,15.34,2.66,0.0
2026-06-10T10:02:44.300Z,27.59,0.89,0.0
2026-06-10T10:02:44.400Z,19.03,1.84,0.0
2026-06-10T10:02:44.500Z,25.21,2.14,0.0
2026-06-10T10:02:44.600Z,24.52,0.21,0.0
2026-06-10T10:02:44.700Z,29.68,3.02,0.0
2026-06-10T10:02:44.800Z,24.29,2.21,0.0
2026-06-10T10:02:44.900Z,22.22,0.63,0.0
2026-06-10T10:02:45.000Z,22.97,2.89,0.0
2026-06-10T10:02:45.100Z,30.09,2.57,0.0
2026-06-10T10:02:45.200Z,27.15,2.7,0.0
2026-06-10T10:02:45.300Z,23.46,1.49,0.0
2026-06-10T10:02:45.400Z,24.05,3.02,0.0
2026-06-10T10:02:45.500Z,18.73,1.57,0.0
2026-06-10T10:02:45.600Z,26.55,2.08,0.0
2026-06-10T10:02:45.700Z,17.96,0.2,0.0
2026-06-10T10:02:45.800Z,28.01,2.33,0.0
2026-06-10T10:02:45.900Z,25.51,2.57,0.0
2026-06-10T10:02:46.000Z,34.55,2.07,0.0
2026-06-10T10:02:46.100Z,20.6,1.84,0.0
2026-06-10T10:02:46.200Z,24.59,2.87,0.0
2026-06-10T10:02:46.300Z,32.19,2.45,0.0
2026-06-10T10:02:46.400Z,29.77,1.12,0.0
2026-06-10T10:02:46.500Z,22.22,3.36,0.0
2026-06-10T10:02:46.600Z,25.9,2.53,0.0
2026-06-10T10:02:46.700Z,25.01,3.46,0.0
2026-06-10T10:02:46.800Z,26.13,3.41,0.0
2026-06-10T10:02:46.900Z,22.21,3.23,0.0
2026-06-10T10:02:47.000Z,24.64,2.69,0.0
2026-06-10T10:02:47.100Z,18.61,2.21,0.0
2026-06-10T10:02:47.200Z,25.54,0.77,0.0
2026-06-10T10:02:47.300Z,26.8,1.99,0.0
2026-06-10T10:02:47.400Z,24.09,2.73,0.0
2026-06-10T10:02:47.500Z,18.54,1.92,0.0
2026-06-10T10:02:47.600Z,28.95,3.07,0.0
2026-06-10T10:02:47.700Z,26.46,0.56,0.0
2026-06-10T10:02:47.800Z,22.1,1.46,0.0
2026-06-10T10:02:47.900Z,23.88,1.87,0.0
2026-06-10T10:02:48.000Z,19.0,1.63,0.0
2026-06-10T10:02:48.100Z,20.9,0.56,0.0
2026-06-10T10:02:48.200Z,22.85,0.71,0.0
2026-06-10T10:02:48.300Z,29.91,2.96,0.0
2026-06-10T10:02:48.400Z,22.44,1.8,0.0
2026-06-10T10:02:48.500Z,27.56,0.36,0.0
2026-06-10T10:02:48.600Z,22.85,0.25,0.0
2026-06-10T10:02:48.700Z,25.99,1.76,0.0
2026-06-10T10:02:48.800Z,24.43,0.74,0.0
2026-06-10T10:02:48.900Z,28.49,2.53,0.0
2026-06-10T10:02:49.000Z,22.86,2.82,0.0
2026-06-10T10:02:49.100Z,18.71,0.95,0.0
2026-06-10T10:02:49.200Z,103.03,8.88,0.0
2026-06-10T10:02:49.300Z,22.87,0.71,0.0
2026-06-10T10:02:49.400Z,20.0,1.2,0.0
2026-06-10T10:02:49.500Z,26.64,3.13,0.0
2026-06-10T10:02:49.600Z,23.14,2.0,0.0
2026-06-10T10:02:49.700Z,34.5,3.12,0.0
2026-06-10T10:02:49.800Z,18.05,0.94,0.0
2026-06-10T10:02:49.900Z,25.81,1.29,0.0
2026-06-10T10:02:50.000Z,20.49,1.75,0.0
2026-06-10T10:02:50.100Z,23.03,1.78,0.0
2026-06-10T10:02:50.200Z,25.57,3.49,0.0
2026-06-10T10:02:50.300Z,15.7,0.58,0.0
2026-06-10T10:02:50.400Z,25.95,3.01,0.0
2026-06-10T10:02:50.500Z,32.61,3.05,0.0
2026-06-10T10:02:50.600Z,23.19,2.03,0.0
2026-06-10T10:02:50.700Z,26.04,1.34,0.0
2026-06-10T10:02:50.800Z,29.1,1.91,0.0
2026-06-10T10:02:50.900Z,24.34,1.17,0.0
2026-06-10T10:02:51.000Z,22.68,2.84,0.0
2026-06-10T10:02:51.100Z,15.9,1.84,0.0
2026-06-10T10:02:51.200Z,27.56,3.26,0.0
2026-06-10T10:02:51.300Z,24.55,2.25,0.0
2026-06-10T10:02:51.400Z,20.95,1.9,0.0
2026-06-10T10:02:51.500Z,25.51,2.55,0.0
2026-06-10T10:02:51.600Z,22.67,1.86,0.0
2026-06-10T10:02:51.700Z,22.89,3.18,0.0
2026-06-10T10:02:51.800Z,27.43,0.81,0.0
2026-06-10T10:02:51.900Z,19.65,3.41,0.0
2026-06-10T10:02:52.000Z,29.19,2.88,0.0
2026-06-10T10:02:52.100Z,19.41,3.04,0.0
2026-06-10T10:02:52.200Z,22.35,1.79,0.0
2026-06-10T10:02:52.300Z,32.69,2.96,0.0
2026-06-10T10:02:52.400Z,29.51,1.21,0.0
2026-06-10T10:02:52.500Z,25.39,2.71,0.0
2026-06-10T10:02:52.600Z,21.24,0.66,0.0
2026-06-10T10:02:52.700Z,22.88,1.21,0.0
2026-06-10T10:02:52.800Z,25.29,1.67,0.0
2026-06-10T10:02:52.900Z,25.15,1.26,0.0
2026-06-10T10:02:53.000Z,24.64,1.48,0.0
2026-06-10T10:02:53.100Z,24.88,2.91,0.0
2026-06-10T10:02:53.200Z,24.14,1.05,0.0
2026-06-10T10:02:53.300Z,19.23,2.66,0.0
2026-06-10T10:02:53.400Z,22.93,0.44,0.0
2026-06-10T10:02:53.500Z,28.66,2.73,0.0
2026-06-10T10:02:53.600Z,19.53,2.81,0.0
2026-06-10T10:02:53.700Z,24.24,1.53,0.0
2026-06-10T10:02:53.800Z,21.72,2.58,0.0
2026-06-10T10:02:53.900Z,25.45,3.22,0.0
2026-06-10T10:02:54.000Z,23.45,2.84,0.0
2026-06-10T10:02:54.100Z,30.91,1.49,0.0
2026-06-10T10:02:54.200Z,27.03,1.8,0.0
2026-06-10T10:02:54.300Z,19.75,2.77,0.0
2026-06-10T10:02:54.400Z,27.68,1.17,0.0
2026-06-10T10:02:54.500Z,21.9,2.85,0.0
2026-06-10T10:02:54.600Z,22.69,1.28,0.0
2026-06-10T10:02:54.700Z,26.26,2.86,0.0
2026-06-10T10:02:54.800Z,23.03,0.49,0.0
2026-06-10T10:02:54.900Z,28.57,0.35,0.0
2026-06-10T10:02:55.000Z,21.9,3.49,0.0
2026-06-10T10:02:55.100Z,22.52,3.07,0.0
2026-06-10T10:02:55.200Z,22.37,3.11,0.0
2026-06-10T10:02:55.300Z,22.74,3.34,0.0
2026-06-10T10:02:55.400Z,29.4,1.65,0.0
2026-06-10T10:02:55.500Z,27.52,1.15,0.0
2026-06-10T10:02:55.600Z,31.84,0.63,0.0
2026-06-10T10:02:55.700Z,34.07,1.85,0.0
2026-06-10T10:02:55.800Z,20.88,0.93,0.0
2026-06-10T10:02:55.900Z,25.28,3.29,0.0
2026-06-10T10:02:56.000Z,20.3,0.21,0.0
2026-06-10T10:02:56.100Z,21.89,0.67,0.0
2026-06-10T10:02:56.200Z,22.48,1.01,0.0
2026-06-10T10:02:56.300Z,20.77,0.86,0.0
2026-06-10T10:02:56.400Z,20.79,0.95,0.0
2026-06-10T10:02:56.500Z,24.42,2.36,0.0
2026-06-10T10:02:56.600Z,20.13,1.28,0.0
2026-06-10T10:02:56.700Z,28.37,2.23,0.0
2026-06-10T10:02:56.800Z,21.33,3.14,0.0
2026-06-10T10:02:56.900Z,36.24,2.19,0.0
2026-06-10T10:02:57.000Z,23.19,2.49,0.0
2026-06-10T10:02:57.100Z,25.29,1.41,0.0
2026-06-10T10:02:57.200Z,19.82,0.73,0.0
2026-06-10T10:02:57.300Z,31.82,1.26,0.0
2026-06-10T10:02:57.400Z,29.48,3.38,0.0
2026-06-10T10:02:57.500Z,26.19,2.25,0.0
2026-06-10T10:02:57.600Z,19.61,1.12,0.0
2026-06-10T10:02:57.700Z,25.84,1.69,0.0
2026-06-10T10:02:57.800Z,20.51,2.96,0.0
2026-06-10T10:02:57.900Z,30.85,2.41,0.0
2026-06-10T10:02:58.000Z,28.24,2.05,0.0
2026-06-10T10:02:58.100Z,25.38,3.12,0.0
2026-06-10T10:02:58.200Z,15.25,2.42,0.0
2026-06-10T10:02:58.300Z,21.07,2.32,0.0
2026-06-10T10:02:58.400Z,27.75,0.83,0.0
2026-06-10T10:02:58.500Z,29.85,0.55,0.0
2026-06-10T10:02:58.600Z,29.44,3.38,0.0
2026-06-10T10:02:58.700Z,18.63,2.18,0.0
2026-06-10T10:02:58.800Z,26.21,1.57,0.0
2026-06-10T10:02:58.900Z,29.06,2.14,0.0
2026-06-10T10:02:59.000Z,18.37,0.4,0.0
2026-06-10T10:02:59.100Z,24.97,2.91,0.0
2026-06-10T10:02:59.200Z,26.1,0.91,0.0
2026-06-10T10:02:59.300Z,23.8,2.86,0.0
2026-06-10T10:02:59.400Z,17.59,1.96,0.0
2026-06-10T10:02:59.500Z,23.7,1.11,0.0
2026-06-10T10:02:59.600Z,23.69,0.3,0.0
2026-06-10T10:02:59.700Z,24.41,2.89,0.0
2026-06-10T10:02:59.800Z,22.75,0.78,0.0
2026-06-10T10:02:59.900Z,23.23,0.37,0.0
